--------------------------------------------------------
--  File created - czwartek-stycznia-26-2017   
--------------------------------------------------------
--------------------------------------------------------
--  DDL for Table ARCHITEKCI
--------------------------------------------------------

  CREATE TABLE "JAMESBONK"."ARCHITEKCI" 
   (	"ID_ARCHITEKTA" NUMBER, 
	"IMIE" VARCHAR2(30 BYTE), 
	"NAZWISKO" VARCHAR2(30 BYTE)
   ) SEGMENT CREATION IMMEDIATE 
  PCTFREE 10 PCTUSED 40 INITRANS 1 MAXTRANS 255 NOCOMPRESS LOGGING
  STORAGE(INITIAL 65536 NEXT 1048576 MINEXTENTS 1 MAXEXTENTS 2147483645
  PCTINCREASE 0 FREELISTS 1 FREELIST GROUPS 1 BUFFER_POOL DEFAULT FLASH_CACHE DEFAULT CELL_FLASH_CACHE DEFAULT)
  TABLESPACE "USERS" ;
--------------------------------------------------------
--  DDL for Table BUDYNKI
--------------------------------------------------------

  CREATE TABLE "JAMESBONK"."BUDYNKI" 
   (	"ID_PROJEKTU" NUMBER, 
	"ID_BUDYNKU" NUMBER, 
	"TYPNIERUCHOMOSCI" VARCHAR2(30 BYTE), 
	"ILOSC" NUMBER, 
	"POWIERZCHNIA" NUMBER, 
	"NR_BUDYNKU" NUMBER, 
	"ULICA" VARCHAR2(30 BYTE), 
	"MIASTO" VARCHAR2(30 BYTE), 
	"PIETRO" NUMBER, 
	"POKOJE" NUMBER
   ) SEGMENT CREATION IMMEDIATE 
  PCTFREE 10 PCTUSED 40 INITRANS 1 MAXTRANS 255 NOCOMPRESS LOGGING
  STORAGE(INITIAL 65536 NEXT 1048576 MINEXTENTS 1 MAXEXTENTS 2147483645
  PCTINCREASE 0 FREELISTS 1 FREELIST GROUPS 1 BUFFER_POOL DEFAULT FLASH_CACHE DEFAULT CELL_FLASH_CACHE DEFAULT)
  TABLESPACE "USERS" ;
--------------------------------------------------------
--  DDL for Table DEWELOPERZY
--------------------------------------------------------

  CREATE TABLE "JAMESBONK"."DEWELOPERZY" 
   (	"ID_DEWELOPERA" NUMBER, 
	"NAZWA" VARCHAR2(30 BYTE), 
	"POCZATEKWSPOLPRACY" DATE
   ) SEGMENT CREATION IMMEDIATE 
  PCTFREE 10 PCTUSED 40 INITRANS 1 MAXTRANS 255 NOCOMPRESS LOGGING
  STORAGE(INITIAL 65536 NEXT 1048576 MINEXTENTS 1 MAXEXTENTS 2147483645
  PCTINCREASE 0 FREELISTS 1 FREELIST GROUPS 1 BUFFER_POOL DEFAULT FLASH_CACHE DEFAULT CELL_FLASH_CACHE DEFAULT)
  TABLESPACE "USERS" ;
--------------------------------------------------------
--  DDL for Table DZIELNICE
--------------------------------------------------------

  CREATE TABLE "JAMESBONK"."DZIELNICE" 
   (	"ID_DZIELNICY" NUMBER, 
	"GALERIAHANDLOWA" VARCHAR2(30 BYTE), 
	"NAZWA" VARCHAR2(30 BYTE)
   ) SEGMENT CREATION IMMEDIATE 
  PCTFREE 10 PCTUSED 40 INITRANS 1 MAXTRANS 255 NOCOMPRESS LOGGING
  STORAGE(INITIAL 65536 NEXT 1048576 MINEXTENTS 1 MAXEXTENTS 2147483645
  PCTINCREASE 0 FREELISTS 1 FREELIST GROUPS 1 BUFFER_POOL DEFAULT FLASH_CACHE DEFAULT CELL_FLASH_CACHE DEFAULT)
  TABLESPACE "USERS" ;
--------------------------------------------------------
--  DDL for Table KLIENCI
--------------------------------------------------------

  CREATE TABLE "JAMESBONK"."KLIENCI" 
   (	"ID_KLIENTA" NUMBER, 
	"IMIE" VARCHAR2(30 BYTE), 
	"NAZWISKO" VARCHAR2(30 BYTE), 
	"TELEFON" VARCHAR2(30 BYTE)
   ) SEGMENT CREATION IMMEDIATE 
  PCTFREE 10 PCTUSED 40 INITRANS 1 MAXTRANS 255 NOCOMPRESS LOGGING
  STORAGE(INITIAL 65536 NEXT 1048576 MINEXTENTS 1 MAXEXTENTS 2147483645
  PCTINCREASE 0 FREELISTS 1 FREELIST GROUPS 1 BUFFER_POOL DEFAULT FLASH_CACHE DEFAULT CELL_FLASH_CACHE DEFAULT)
  TABLESPACE "USERS" ;
--------------------------------------------------------
--  DDL for Table KOMUNIKACJA
--------------------------------------------------------

  CREATE TABLE "JAMESBONK"."KOMUNIKACJA" 
   (	"ID_OSIEDLA" NUMBER, 
	"ID_KOMUNIKACJI" NUMBER, 
	"RODZAJ" VARCHAR2(30 BYTE)
   ) SEGMENT CREATION DEFERRED 
  PCTFREE 10 PCTUSED 40 INITRANS 1 MAXTRANS 255 NOCOMPRESS LOGGING
  TABLESPACE "USERS" ;
--------------------------------------------------------
--  DDL for Table NEGOCJACJE
--------------------------------------------------------

  CREATE TABLE "JAMESBONK"."NEGOCJACJE" 
   (	"ID_BUDYNKU" NUMBER, 
	"STAN" VARCHAR2(30 BYTE), 
	"ID_PRACOWNIKA" NUMBER
   ) SEGMENT CREATION IMMEDIATE 
  PCTFREE 10 PCTUSED 40 INITRANS 1 MAXTRANS 255 NOCOMPRESS LOGGING
  STORAGE(INITIAL 65536 NEXT 1048576 MINEXTENTS 1 MAXEXTENTS 2147483645
  PCTINCREASE 0 FREELISTS 1 FREELIST GROUPS 1 BUFFER_POOL DEFAULT FLASH_CACHE DEFAULT CELL_FLASH_CACHE DEFAULT)
  TABLESPACE "USERS" ;
--------------------------------------------------------
--  DDL for Table NIERUCHOMOSCI
--------------------------------------------------------

  CREATE TABLE "JAMESBONK"."NIERUCHOMOSCI" 
   (	"ID_NIERUCHOMOSCI" NUMBER, 
	"ID_WLASCICIEL" NUMBER, 
	"MIASTO" VARCHAR2(30 BYTE), 
	"ULICA" VARCHAR2(30 BYTE), 
	"TYP" VARCHAR2(30 BYTE), 
	"ID_OSIEDLA" NUMBER, 
	"NR_MIESZKANIA" NUMBER, 
	"NR_BUDYNKU" NUMBER, 
	"POWIERZCHNIA" NUMBER, 
	"PIETRO" NUMBER, 
	"POKOJE" NUMBER
   ) SEGMENT CREATION IMMEDIATE 
  PCTFREE 10 PCTUSED 40 INITRANS 1 MAXTRANS 255 NOCOMPRESS LOGGING
  STORAGE(INITIAL 65536 NEXT 1048576 MINEXTENTS 1 MAXEXTENTS 2147483645
  PCTINCREASE 0 FREELISTS 1 FREELIST GROUPS 1 BUFFER_POOL DEFAULT FLASH_CACHE DEFAULT CELL_FLASH_CACHE DEFAULT)
  TABLESPACE "USERS" ;
--------------------------------------------------------
--  DDL for Table OBIEKTT_KULTUROWE
--------------------------------------------------------

  CREATE TABLE "JAMESBONK"."OBIEKTT_KULTUROWE" 
   (	"ID_DZIELNICY" NUMBER, 
	"ID_OBIEKTU" NUMBER, 
	"RODZAJ" VARCHAR2(30 BYTE)
   ) SEGMENT CREATION DEFERRED 
  PCTFREE 10 PCTUSED 40 INITRANS 1 MAXTRANS 255 NOCOMPRESS LOGGING
  TABLESPACE "USERS" ;
--------------------------------------------------------
--  DDL for Table OFERTY
--------------------------------------------------------

  CREATE TABLE "JAMESBONK"."OFERTY" 
   (	"ID_NIERUCHOMOSCI" NUMBER, 
	"ID_PRACOWNIKA" NUMBER, 
	"CENA" NUMBER, 
	"RODZAJ" VARCHAR2(30 BYTE), 
	"ID_OFERTY" NUMBER, 
	"STATUS" VARCHAR2(30 BYTE)
   ) SEGMENT CREATION IMMEDIATE 
  PCTFREE 10 PCTUSED 40 INITRANS 1 MAXTRANS 255 NOCOMPRESS LOGGING
  STORAGE(INITIAL 65536 NEXT 1048576 MINEXTENTS 1 MAXEXTENTS 2147483645
  PCTINCREASE 0 FREELISTS 1 FREELIST GROUPS 1 BUFFER_POOL DEFAULT FLASH_CACHE DEFAULT CELL_FLASH_CACHE DEFAULT)
  TABLESPACE "USERS" ;
--------------------------------------------------------
--  DDL for Table OSIEDLA
--------------------------------------------------------

  CREATE TABLE "JAMESBONK"."OSIEDLA" 
   (	"PARKING" VARCHAR2(30 BYTE), 
	"PLACZABAW" VARCHAR2(30 BYTE), 
	"ID_OSIEDLA" NUMBER, 
	"ID_DZIELNICY" NUMBER, 
	"NAZWA" VARCHAR2(20 BYTE)
   ) SEGMENT CREATION IMMEDIATE 
  PCTFREE 10 PCTUSED 40 INITRANS 1 MAXTRANS 255 NOCOMPRESS LOGGING
  STORAGE(INITIAL 65536 NEXT 1048576 MINEXTENTS 1 MAXEXTENTS 2147483645
  PCTINCREASE 0 FREELISTS 1 FREELIST GROUPS 1 BUFFER_POOL DEFAULT FLASH_CACHE DEFAULT CELL_FLASH_CACHE DEFAULT)
  TABLESPACE "USERS" ;
--------------------------------------------------------
--  DDL for Table OSRODKI_SPORTOWE
--------------------------------------------------------

  CREATE TABLE "JAMESBONK"."OSRODKI_SPORTOWE" 
   (	"ID_DZIELNICY" NUMBER, 
	"ID_OBIEKTU" NUMBER, 
	"TYP" VARCHAR2(30 BYTE)
   ) SEGMENT CREATION DEFERRED 
  PCTFREE 10 PCTUSED 40 INITRANS 1 MAXTRANS 255 NOCOMPRESS LOGGING
  TABLESPACE "USERS" ;
--------------------------------------------------------
--  DDL for Table POZYCJE_HISTORII_OFERTY
--------------------------------------------------------

  CREATE TABLE "JAMESBONK"."POZYCJE_HISTORII_OFERTY" 
   (	"ID_OFERTY" NUMBER, 
	"ID_POZYCJI" NUMBER, 
	"DATA" DATE, 
	"CZAS" TIMESTAMP (6), 
	"ZDARZENIE" VARCHAR2(30 BYTE)
   ) SEGMENT CREATION DEFERRED 
  PCTFREE 10 PCTUSED 40 INITRANS 1 MAXTRANS 255 NOCOMPRESS LOGGING
  TABLESPACE "USERS" ;
--------------------------------------------------------
--  DDL for Table PRACOWNICY
--------------------------------------------------------

  CREATE TABLE "JAMESBONK"."PRACOWNICY" 
   (	"ID_PRACOWNIKA" NUMBER, 
	"IMIE" VARCHAR2(30 BYTE), 
	"NAZWISKO" VARCHAR2(30 BYTE), 
	"TELEFON" VARCHAR2(30 BYTE), 
	"PESEL" CHAR(11 BYTE), 
	"NR_KONTA_BANKOWEGO" VARCHAR2(30 BYTE), 
	"ID_STANOWISKA" NUMBER
   ) SEGMENT CREATION IMMEDIATE 
  PCTFREE 10 PCTUSED 40 INITRANS 1 MAXTRANS 255 NOCOMPRESS LOGGING
  STORAGE(INITIAL 65536 NEXT 1048576 MINEXTENTS 1 MAXEXTENTS 2147483645
  PCTINCREASE 0 FREELISTS 1 FREELIST GROUPS 1 BUFFER_POOL DEFAULT FLASH_CACHE DEFAULT CELL_FLASH_CACHE DEFAULT)
  TABLESPACE "USERS" ;
--------------------------------------------------------
--  DDL for Table PREFERENCJE
--------------------------------------------------------

  CREATE TABLE "JAMESBONK"."PREFERENCJE" 
   (	"ID_PREFERENCJI" NUMBER, 
	"NAZWA" VARCHAR2(30 BYTE)
   ) SEGMENT CREATION IMMEDIATE 
  PCTFREE 10 PCTUSED 40 INITRANS 1 MAXTRANS 255 NOCOMPRESS LOGGING
  STORAGE(INITIAL 65536 NEXT 1048576 MINEXTENTS 1 MAXEXTENTS 2147483645
  PCTINCREASE 0 FREELISTS 1 FREELIST GROUPS 1 BUFFER_POOL DEFAULT FLASH_CACHE DEFAULT CELL_FLASH_CACHE DEFAULT)
  TABLESPACE "USERS" ;
--------------------------------------------------------
--  DDL for Table PREFERENCJE_KLIENTA
--------------------------------------------------------

  CREATE TABLE "JAMESBONK"."PREFERENCJE_KLIENTA" 
   (	"ID_KLIENTA" NUMBER, 
	"ID_PREFERENCJI" NUMBER
   ) SEGMENT CREATION IMMEDIATE 
  PCTFREE 10 PCTUSED 40 INITRANS 1 MAXTRANS 255 NOCOMPRESS LOGGING
  STORAGE(INITIAL 65536 NEXT 1048576 MINEXTENTS 1 MAXEXTENTS 2147483645
  PCTINCREASE 0 FREELISTS 1 FREELIST GROUPS 1 BUFFER_POOL DEFAULT FLASH_CACHE DEFAULT CELL_FLASH_CACHE DEFAULT)
  TABLESPACE "USERS" ;
--------------------------------------------------------
--  DDL for Table PREFEROWANE_OFERTY
--------------------------------------------------------

  CREATE TABLE "JAMESBONK"."PREFEROWANE_OFERTY" 
   (	"ID_KLIENTA" NUMBER, 
	"ID_OFERTY" NUMBER
   ) SEGMENT CREATION IMMEDIATE 
  PCTFREE 10 PCTUSED 40 INITRANS 1 MAXTRANS 255 NOCOMPRESS LOGGING
  STORAGE(INITIAL 65536 NEXT 1048576 MINEXTENTS 1 MAXEXTENTS 2147483645
  PCTINCREASE 0 FREELISTS 1 FREELIST GROUPS 1 BUFFER_POOL DEFAULT FLASH_CACHE DEFAULT CELL_FLASH_CACHE DEFAULT)
  TABLESPACE "USERS" ;
--------------------------------------------------------
--  DDL for Table PROJEKTY
--------------------------------------------------------

  CREATE TABLE "JAMESBONK"."PROJEKTY" 
   (	"ID_DEWELOPERA" NUMBER, 
	"ID_PROJEKTU" NUMBER, 
	"DATAUKONCZENIA" DATE, 
	"ID_ARCHITEKTA" NUMBER, 
	"ID_OSIEDLA" NUMBER
   ) SEGMENT CREATION IMMEDIATE 
  PCTFREE 10 PCTUSED 40 INITRANS 1 MAXTRANS 255 NOCOMPRESS LOGGING
  STORAGE(INITIAL 65536 NEXT 1048576 MINEXTENTS 1 MAXEXTENTS 2147483645
  PCTINCREASE 0 FREELISTS 1 FREELIST GROUPS 1 BUFFER_POOL DEFAULT FLASH_CACHE DEFAULT CELL_FLASH_CACHE DEFAULT)
  TABLESPACE "USERS" ;
--------------------------------------------------------
--  DDL for Table SKLEPY
--------------------------------------------------------

  CREATE TABLE "JAMESBONK"."SKLEPY" 
   (	"ID_OSIEDLA" NUMBER, 
	"ID_SKLEPU" NUMBER, 
	"TYP" VARCHAR2(30 BYTE)
   ) SEGMENT CREATION DEFERRED 
  PCTFREE 10 PCTUSED 40 INITRANS 1 MAXTRANS 255 NOCOMPRESS LOGGING
  TABLESPACE "USERS" ;
--------------------------------------------------------
--  DDL for Table STANOWISKA
--------------------------------------------------------

  CREATE TABLE "JAMESBONK"."STANOWISKA" 
   (	"ID_STANOWISKA" NUMBER, 
	"NAZWA" VARCHAR2(30 BYTE)
   ) SEGMENT CREATION IMMEDIATE 
  PCTFREE 10 PCTUSED 40 INITRANS 1 MAXTRANS 255 NOCOMPRESS LOGGING
  STORAGE(INITIAL 65536 NEXT 1048576 MINEXTENTS 1 MAXEXTENTS 2147483645
  PCTINCREASE 0 FREELISTS 1 FREELIST GROUPS 1 BUFFER_POOL DEFAULT FLASH_CACHE DEFAULT CELL_FLASH_CACHE DEFAULT)
  TABLESPACE "USERS" ;
--------------------------------------------------------
--  DDL for Table SZKOLY
--------------------------------------------------------

  CREATE TABLE "JAMESBONK"."SZKOLY" 
   (	"ID_DZIELNICY" NUMBER, 
	"ID_SZKOLY" NUMBER, 
	"STOPIEN" VARCHAR2(30 BYTE)
   ) SEGMENT CREATION DEFERRED 
  PCTFREE 10 PCTUSED 40 INITRANS 1 MAXTRANS 255 NOCOMPRESS LOGGING
  TABLESPACE "USERS" ;
--------------------------------------------------------
--  DDL for Table TRANSAKCJE
--------------------------------------------------------

  CREATE TABLE "JAMESBONK"."TRANSAKCJE" 
   (	"ID_OFERTY" NUMBER, 
	"ID_KLIENTA" NUMBER, 
	"ID_TRANSAKCJI" NUMBER
   ) SEGMENT CREATION DEFERRED 
  PCTFREE 10 PCTUSED 40 INITRANS 1 MAXTRANS 255 NOCOMPRESS LOGGING
  TABLESPACE "USERS" ;
--------------------------------------------------------
--  DDL for Table WARTOSCI_PREFERENCJI
--------------------------------------------------------

  CREATE TABLE "JAMESBONK"."WARTOSCI_PREFERENCJI" 
   (	"ID_KLIENTA" NUMBER, 
	"ID_PREFERENCJI" NUMBER, 
	"WARTOSC" VARCHAR2(30 BYTE)
   ) SEGMENT CREATION IMMEDIATE 
  PCTFREE 10 PCTUSED 40 INITRANS 1 MAXTRANS 255 NOCOMPRESS LOGGING
  STORAGE(INITIAL 65536 NEXT 1048576 MINEXTENTS 1 MAXEXTENTS 2147483645
  PCTINCREASE 0 FREELISTS 1 FREELIST GROUPS 1 BUFFER_POOL DEFAULT FLASH_CACHE DEFAULT CELL_FLASH_CACHE DEFAULT)
  TABLESPACE "USERS" ;
--------------------------------------------------------
--  DDL for Table WLASCICIELE
--------------------------------------------------------

  CREATE TABLE "JAMESBONK"."WLASCICIELE" 
   (	"ID_WLASCICIEL" NUMBER, 
	"IMIE" VARCHAR2(30 BYTE), 
	"NAZWISKO" VARCHAR2(30 BYTE), 
	"TELEFON" VARCHAR2(30 BYTE)
   ) SEGMENT CREATION IMMEDIATE 
  PCTFREE 10 PCTUSED 40 INITRANS 1 MAXTRANS 255 NOCOMPRESS LOGGING
  STORAGE(INITIAL 65536 NEXT 1048576 MINEXTENTS 1 MAXEXTENTS 2147483645
  PCTINCREASE 0 FREELISTS 1 FREELIST GROUPS 1 BUFFER_POOL DEFAULT FLASH_CACHE DEFAULT CELL_FLASH_CACHE DEFAULT)
  TABLESPACE "USERS" ;
--------------------------------------------------------
--  DDL for Table WYNAGRODZENIA
--------------------------------------------------------

  CREATE TABLE "JAMESBONK"."WYNAGRODZENIA" 
   (	"ID_WYNAGRODZENIA" NUMBER, 
	"STAWKA_BRUTTO" VARCHAR2(7 BYTE), 
	"DATA_OD" TIMESTAMP (6), 
	"DATA_DO" TIMESTAMP (6), 
	"ID_PRACOWNIKA" NUMBER
   ) SEGMENT CREATION DEFERRED 
  PCTFREE 10 PCTUSED 40 INITRANS 1 MAXTRANS 255 NOCOMPRESS LOGGING
  TABLESPACE "USERS" ;
--------------------------------------------------------
--  DDL for Sequence ARCHITEKCI_SEQ
--------------------------------------------------------

   CREATE SEQUENCE  "JAMESBONK"."ARCHITEKCI_SEQ"  MINVALUE 1 MAXVALUE 9999999999999999999999999999 INCREMENT BY 1 START WITH 21 CACHE 20 NOORDER  NOCYCLE ;
--------------------------------------------------------
--  DDL for Sequence BUDYNKI_SEQ
--------------------------------------------------------

   CREATE SEQUENCE  "JAMESBONK"."BUDYNKI_SEQ"  MINVALUE 1 MAXVALUE 9999999999999999999999999999 INCREMENT BY 1 START WITH 21 CACHE 20 NOORDER  NOCYCLE ;
--------------------------------------------------------
--  DDL for Sequence DEWELOPERZY_SEQ
--------------------------------------------------------

   CREATE SEQUENCE  "JAMESBONK"."DEWELOPERZY_SEQ"  MINVALUE 1 MAXVALUE 9999999999999999999999999999 INCREMENT BY 1 START WITH 1 CACHE 20 NOORDER  NOCYCLE ;
--------------------------------------------------------
--  DDL for Sequence DZIELNICE_SEQ
--------------------------------------------------------

   CREATE SEQUENCE  "JAMESBONK"."DZIELNICE_SEQ"  MINVALUE 1 MAXVALUE 9999999999999999999999999999 INCREMENT BY 1 START WITH 21 CACHE 20 NOORDER  NOCYCLE ;
--------------------------------------------------------
--  DDL for Sequence KLIENCI_SEQ
--------------------------------------------------------

   CREATE SEQUENCE  "JAMESBONK"."KLIENCI_SEQ"  MINVALUE 1 MAXVALUE 9999999999999999999999999999 INCREMENT BY 1 START WITH 21 CACHE 20 NOORDER  NOCYCLE ;
--------------------------------------------------------
--  DDL for Sequence NIERUCHOMOSCI_SEQ
--------------------------------------------------------

   CREATE SEQUENCE  "JAMESBONK"."NIERUCHOMOSCI_SEQ"  MINVALUE 1 MAXVALUE 9999999999999999999999999999 INCREMENT BY 1 START WITH 59 CACHE 20 NOORDER  NOCYCLE ;
--------------------------------------------------------
--  DDL for Sequence OFERTY_SEQ
--------------------------------------------------------

   CREATE SEQUENCE  "JAMESBONK"."OFERTY_SEQ"  MINVALUE 1 MAXVALUE 9999999999999999999999999999 INCREMENT BY 1 START WITH 1 CACHE 20 NOORDER  NOCYCLE ;
--------------------------------------------------------
--  DDL for Sequence OFERTY_SEQ1
--------------------------------------------------------

   CREATE SEQUENCE  "JAMESBONK"."OFERTY_SEQ1"  MINVALUE 1 MAXVALUE 9999999999999999999999999999 INCREMENT BY 1 START WITH 21 CACHE 20 NOORDER  NOCYCLE ;
--------------------------------------------------------
--  DDL for Sequence OSIEDLA_SEQ
--------------------------------------------------------

   CREATE SEQUENCE  "JAMESBONK"."OSIEDLA_SEQ"  MINVALUE 1 MAXVALUE 9999999999999999999999999999 INCREMENT BY 1 START WITH 21 CACHE 20 NOORDER  NOCYCLE ;
--------------------------------------------------------
--  DDL for Sequence PRACOWNICY_SEQ
--------------------------------------------------------

   CREATE SEQUENCE  "JAMESBONK"."PRACOWNICY_SEQ"  MINVALUE 1 MAXVALUE 9999999999999999999999999999 INCREMENT BY 1 START WITH 21 CACHE 20 NOORDER  NOCYCLE ;
--------------------------------------------------------
--  DDL for Sequence PREFERENCJE_SEQ
--------------------------------------------------------

   CREATE SEQUENCE  "JAMESBONK"."PREFERENCJE_SEQ"  MINVALUE 1 MAXVALUE 9999999999999999999999999999 INCREMENT BY 1 START WITH 21 CACHE 20 NOORDER  NOCYCLE ;
--------------------------------------------------------
--  DDL for Sequence PROJEKTY_SEQ
--------------------------------------------------------

   CREATE SEQUENCE  "JAMESBONK"."PROJEKTY_SEQ"  MINVALUE 1 MAXVALUE 9999999999999999999999999999 INCREMENT BY 1 START WITH 21 CACHE 20 NOORDER  NOCYCLE ;
--------------------------------------------------------
--  DDL for Sequence WLASCICIELE_SEQ
--------------------------------------------------------

   CREATE SEQUENCE  "JAMESBONK"."WLASCICIELE_SEQ"  MINVALUE 1 MAXVALUE 9999999999999999999999999999 INCREMENT BY 1 START WITH 21 CACHE 20 NOORDER  NOCYCLE ;
REM INSERTING into JAMESBONK.ARCHITEKCI
SET DEFINE OFF;
Insert into JAMESBONK.ARCHITEKCI (ID_ARCHITEKTA,IMIE,NAZWISKO) values ('1','Jan','Kowalski');
Insert into JAMESBONK.ARCHITEKCI (ID_ARCHITEKTA,IMIE,NAZWISKO) values ('2','Mariusz','Maj');
REM INSERTING into JAMESBONK.BUDYNKI
SET DEFINE OFF;
Insert into JAMESBONK.BUDYNKI (ID_PROJEKTU,ID_BUDYNKU,TYPNIERUCHOMOSCI,ILOSC,POWIERZCHNIA,NR_BUDYNKU,ULICA,MIASTO,PIETRO,POKOJE) values ('1','3','Apartament','3','70','22','al. Wyzwolenia','Warszawa','1','2');
Insert into JAMESBONK.BUDYNKI (ID_PROJEKTU,ID_BUDYNKU,TYPNIERUCHOMOSCI,ILOSC,POWIERZCHNIA,NR_BUDYNKU,ULICA,MIASTO,PIETRO,POKOJE) values ('1','1','Apartament','5','60','13','Zlota','Warzawa','3','2');
Insert into JAMESBONK.BUDYNKI (ID_PROJEKTU,ID_BUDYNKU,TYPNIERUCHOMOSCI,ILOSC,POWIERZCHNIA,NR_BUDYNKU,ULICA,MIASTO,PIETRO,POKOJE) values ('1','2','Apartament','2','100','15','Zlota','Warzawa','9','3');
REM INSERTING into JAMESBONK.DEWELOPERZY
SET DEFINE OFF;
Insert into JAMESBONK.DEWELOPERZY (ID_DEWELOPERA,NAZWA,POCZATEKWSPOLPRACY) values ('1','SMARTBUD',to_date('10/11/04','RR/MM/DD'));
REM INSERTING into JAMESBONK.DZIELNICE
SET DEFINE OFF;
Insert into JAMESBONK.DZIELNICE (ID_DZIELNICY,GALERIAHANDLOWA,NAZWA) values ('1',null,'CENTRUM');
Insert into JAMESBONK.DZIELNICE (ID_DZIELNICY,GALERIAHANDLOWA,NAZWA) values ('2',null,'SRODMIESCIE');
Insert into JAMESBONK.DZIELNICE (ID_DZIELNICY,GALERIAHANDLOWA,NAZWA) values ('3',null,'WOLA');
Insert into JAMESBONK.DZIELNICE (ID_DZIELNICY,GALERIAHANDLOWA,NAZWA) values ('4',null,'BEMOWO');
Insert into JAMESBONK.DZIELNICE (ID_DZIELNICY,GALERIAHANDLOWA,NAZWA) values ('5',null,'PRAGA POLUDNIE');
Insert into JAMESBONK.DZIELNICE (ID_DZIELNICY,GALERIAHANDLOWA,NAZWA) values ('6',null,'MOKOTOW');
REM INSERTING into JAMESBONK.KLIENCI
SET DEFINE OFF;
Insert into JAMESBONK.KLIENCI (ID_KLIENTA,IMIE,NAZWISKO,TELEFON) values ('1','Marek','Belka','768342123');
Insert into JAMESBONK.KLIENCI (ID_KLIENTA,IMIE,NAZWISKO,TELEFON) values ('2','Michal','Kaminski','768342674');
Insert into JAMESBONK.KLIENCI (ID_KLIENTA,IMIE,NAZWISKO,TELEFON) values ('3','Pawel','Petkow','515535785');
Insert into JAMESBONK.KLIENCI (ID_KLIENTA,IMIE,NAZWISKO,TELEFON) values ('4','Tomasz','Zawodnik','689234521');
Insert into JAMESBONK.KLIENCI (ID_KLIENTA,IMIE,NAZWISKO,TELEFON) values ('5','Julian','Krekora','789234521');
REM INSERTING into JAMESBONK.KOMUNIKACJA
SET DEFINE OFF;
REM INSERTING into JAMESBONK.NEGOCJACJE
SET DEFINE OFF;
Insert into JAMESBONK.NEGOCJACJE (ID_BUDYNKU,STAN,ID_PRACOWNIKA) values ('3','Zakonczono','1');
Insert into JAMESBONK.NEGOCJACJE (ID_BUDYNKU,STAN,ID_PRACOWNIKA) values ('2','Zakonczono','1');
Insert into JAMESBONK.NEGOCJACJE (ID_BUDYNKU,STAN,ID_PRACOWNIKA) values ('1','W trakcie','1');
REM INSERTING into JAMESBONK.NIERUCHOMOSCI
SET DEFINE OFF;
Insert into JAMESBONK.NIERUCHOMOSCI (ID_NIERUCHOMOSCI,ID_WLASCICIEL,MIASTO,ULICA,TYP,ID_OSIEDLA,NR_MIESZKANIA,NR_BUDYNKU,POWIERZCHNIA,PIETRO,POKOJE) values ('1','1','Warszawa','Ulica1','Apartament','1','1','1','50','1','2');
Insert into JAMESBONK.NIERUCHOMOSCI (ID_NIERUCHOMOSCI,ID_WLASCICIEL,MIASTO,ULICA,TYP,ID_OSIEDLA,NR_MIESZKANIA,NR_BUDYNKU,POWIERZCHNIA,PIETRO,POKOJE) values ('2','2','Warszawa','Ulica2','Apartament','4','4','2','80','8','3');
Insert into JAMESBONK.NIERUCHOMOSCI (ID_NIERUCHOMOSCI,ID_WLASCICIEL,MIASTO,ULICA,TYP,ID_OSIEDLA,NR_MIESZKANIA,NR_BUDYNKU,POWIERZCHNIA,PIETRO,POKOJE) values ('3','3','Warszawa','Ulica3','Dom','6','16','20','75','3','3');
REM INSERTING into JAMESBONK.OBIEKTT_KULTUROWE
SET DEFINE OFF;
REM INSERTING into JAMESBONK.OFERTY
SET DEFINE OFF;
Insert into JAMESBONK.OFERTY (ID_NIERUCHOMOSCI,ID_PRACOWNIKA,CENA,RODZAJ,ID_OFERTY,STATUS) values ('1','1','350000','Sprzedaz','2','Aktualna');
Insert into JAMESBONK.OFERTY (ID_NIERUCHOMOSCI,ID_PRACOWNIKA,CENA,RODZAJ,ID_OFERTY,STATUS) values ('2','1','2500','Wynajem','3','Aktualna');
REM INSERTING into JAMESBONK.OSIEDLA
SET DEFINE OFF;
Insert into JAMESBONK.OSIEDLA (PARKING,PLACZABAW,ID_OSIEDLA,ID_DZIELNICY,NAZWA) values (null,null,'1','5','Goclaw');
Insert into JAMESBONK.OSIEDLA (PARKING,PLACZABAW,ID_OSIEDLA,ID_DZIELNICY,NAZWA) values (null,null,'2','5','Grochow Centrum');
Insert into JAMESBONK.OSIEDLA (PARKING,PLACZABAW,ID_OSIEDLA,ID_DZIELNICY,NAZWA) values (null,null,'3','5','Grochow Poludnie');
Insert into JAMESBONK.OSIEDLA (PARKING,PLACZABAW,ID_OSIEDLA,ID_DZIELNICY,NAZWA) values (null,null,'4','6','Sadyba');
Insert into JAMESBONK.OSIEDLA (PARKING,PLACZABAW,ID_OSIEDLA,ID_DZIELNICY,NAZWA) values (null,null,'5','6','Wierzbno');
Insert into JAMESBONK.OSIEDLA (PARKING,PLACZABAW,ID_OSIEDLA,ID_DZIELNICY,NAZWA) values (null,null,'6','6','Siekierki');
REM INSERTING into JAMESBONK.OSRODKI_SPORTOWE
SET DEFINE OFF;
REM INSERTING into JAMESBONK.POZYCJE_HISTORII_OFERTY
SET DEFINE OFF;
REM INSERTING into JAMESBONK.PRACOWNICY
SET DEFINE OFF;
Insert into JAMESBONK.PRACOWNICY (ID_PRACOWNIKA,IMIE,NAZWISKO,TELEFON,PESEL,NR_KONTA_BANKOWEGO,ID_STANOWISKA) values ('1','Jacek','Darowski','889456829','89021457823','19328410987236413','2');
Insert into JAMESBONK.PRACOWNICY (ID_PRACOWNIKA,IMIE,NAZWISKO,TELEFON,PESEL,NR_KONTA_BANKOWEGO,ID_STANOWISKA) values ('2','Joanna','Nowak','524456829','92022557823','11328410987896413','1');
REM INSERTING into JAMESBONK.PREFERENCJE
SET DEFINE OFF;
Insert into JAMESBONK.PREFERENCJE (ID_PREFERENCJI,NAZWA) values ('1','RODZAJ_OFERTY');
Insert into JAMESBONK.PREFERENCJE (ID_PREFERENCJI,NAZWA) values ('2','TYP_NIERUCHOMOSCI');
Insert into JAMESBONK.PREFERENCJE (ID_PREFERENCJI,NAZWA) values ('3','MIASTO');
Insert into JAMESBONK.PREFERENCJE (ID_PREFERENCJI,NAZWA) values ('4','NAZWA_DZIELNICY');
Insert into JAMESBONK.PREFERENCJE (ID_PREFERENCJI,NAZWA) values ('5','NAZWA_OSIEDLA');
Insert into JAMESBONK.PREFERENCJE (ID_PREFERENCJI,NAZWA) values ('6','POWIERZCHNIA_OD');
Insert into JAMESBONK.PREFERENCJE (ID_PREFERENCJI,NAZWA) values ('7','POWIERZCHNIA_DO');
Insert into JAMESBONK.PREFERENCJE (ID_PREFERENCJI,NAZWA) values ('8','PIETRO_OD');
Insert into JAMESBONK.PREFERENCJE (ID_PREFERENCJI,NAZWA) values ('9','PIETRO_DO');
Insert into JAMESBONK.PREFERENCJE (ID_PREFERENCJI,NAZWA) values ('10','POKOJE_OD');
Insert into JAMESBONK.PREFERENCJE (ID_PREFERENCJI,NAZWA) values ('11','POKOJE_DO');
REM INSERTING into JAMESBONK.PREFERENCJE_KLIENTA
SET DEFINE OFF;
Insert into JAMESBONK.PREFERENCJE_KLIENTA (ID_KLIENTA,ID_PREFERENCJI) values ('1','1');
Insert into JAMESBONK.PREFERENCJE_KLIENTA (ID_KLIENTA,ID_PREFERENCJI) values ('1','2');
Insert into JAMESBONK.PREFERENCJE_KLIENTA (ID_KLIENTA,ID_PREFERENCJI) values ('1','3');
Insert into JAMESBONK.PREFERENCJE_KLIENTA (ID_KLIENTA,ID_PREFERENCJI) values ('1','4');
Insert into JAMESBONK.PREFERENCJE_KLIENTA (ID_KLIENTA,ID_PREFERENCJI) values ('1','5');
Insert into JAMESBONK.PREFERENCJE_KLIENTA (ID_KLIENTA,ID_PREFERENCJI) values ('1','6');
Insert into JAMESBONK.PREFERENCJE_KLIENTA (ID_KLIENTA,ID_PREFERENCJI) values ('1','7');
Insert into JAMESBONK.PREFERENCJE_KLIENTA (ID_KLIENTA,ID_PREFERENCJI) values ('1','8');
Insert into JAMESBONK.PREFERENCJE_KLIENTA (ID_KLIENTA,ID_PREFERENCJI) values ('1','9');
Insert into JAMESBONK.PREFERENCJE_KLIENTA (ID_KLIENTA,ID_PREFERENCJI) values ('1','10');
Insert into JAMESBONK.PREFERENCJE_KLIENTA (ID_KLIENTA,ID_PREFERENCJI) values ('1','11');
Insert into JAMESBONK.PREFERENCJE_KLIENTA (ID_KLIENTA,ID_PREFERENCJI) values ('2','1');
Insert into JAMESBONK.PREFERENCJE_KLIENTA (ID_KLIENTA,ID_PREFERENCJI) values ('2','2');
Insert into JAMESBONK.PREFERENCJE_KLIENTA (ID_KLIENTA,ID_PREFERENCJI) values ('2','3');
Insert into JAMESBONK.PREFERENCJE_KLIENTA (ID_KLIENTA,ID_PREFERENCJI) values ('2','4');
Insert into JAMESBONK.PREFERENCJE_KLIENTA (ID_KLIENTA,ID_PREFERENCJI) values ('2','5');
Insert into JAMESBONK.PREFERENCJE_KLIENTA (ID_KLIENTA,ID_PREFERENCJI) values ('2','6');
Insert into JAMESBONK.PREFERENCJE_KLIENTA (ID_KLIENTA,ID_PREFERENCJI) values ('2','7');
Insert into JAMESBONK.PREFERENCJE_KLIENTA (ID_KLIENTA,ID_PREFERENCJI) values ('2','8');
Insert into JAMESBONK.PREFERENCJE_KLIENTA (ID_KLIENTA,ID_PREFERENCJI) values ('2','9');
Insert into JAMESBONK.PREFERENCJE_KLIENTA (ID_KLIENTA,ID_PREFERENCJI) values ('2','10');
Insert into JAMESBONK.PREFERENCJE_KLIENTA (ID_KLIENTA,ID_PREFERENCJI) values ('2','11');
REM INSERTING into JAMESBONK.PREFEROWANE_OFERTY
SET DEFINE OFF;
Insert into JAMESBONK.PREFEROWANE_OFERTY (ID_KLIENTA,ID_OFERTY) values ('1','2');
REM INSERTING into JAMESBONK.PROJEKTY
SET DEFINE OFF;
Insert into JAMESBONK.PROJEKTY (ID_DEWELOPERA,ID_PROJEKTU,DATAUKONCZENIA,ID_ARCHITEKTA,ID_OSIEDLA) values ('1','1',to_date('17/10/20','RR/MM/DD'),null,null);
REM INSERTING into JAMESBONK.SKLEPY
SET DEFINE OFF;
REM INSERTING into JAMESBONK.STANOWISKA
SET DEFINE OFF;
Insert into JAMESBONK.STANOWISKA (ID_STANOWISKA,NAZWA) values ('1','Kierownik');
Insert into JAMESBONK.STANOWISKA (ID_STANOWISKA,NAZWA) values ('2','Agent nieruchomosci');
REM INSERTING into JAMESBONK.SZKOLY
SET DEFINE OFF;
REM INSERTING into JAMESBONK.TRANSAKCJE
SET DEFINE OFF;
REM INSERTING into JAMESBONK.WARTOSCI_PREFERENCJI
SET DEFINE OFF;
Insert into JAMESBONK.WARTOSCI_PREFERENCJI (ID_KLIENTA,ID_PREFERENCJI,WARTOSC) values ('1','1','Sprzedaz');
Insert into JAMESBONK.WARTOSCI_PREFERENCJI (ID_KLIENTA,ID_PREFERENCJI,WARTOSC) values ('1','2','Apartament');
Insert into JAMESBONK.WARTOSCI_PREFERENCJI (ID_KLIENTA,ID_PREFERENCJI,WARTOSC) values ('1','3','Warszawa');
Insert into JAMESBONK.WARTOSCI_PREFERENCJI (ID_KLIENTA,ID_PREFERENCJI,WARTOSC) values ('1','8','0');
Insert into JAMESBONK.WARTOSCI_PREFERENCJI (ID_KLIENTA,ID_PREFERENCJI,WARTOSC) values ('1','9','10');
Insert into JAMESBONK.WARTOSCI_PREFERENCJI (ID_KLIENTA,ID_PREFERENCJI,WARTOSC) values ('2','1','Wynajem');
Insert into JAMESBONK.WARTOSCI_PREFERENCJI (ID_KLIENTA,ID_PREFERENCJI,WARTOSC) values ('2','2','Apartament');
Insert into JAMESBONK.WARTOSCI_PREFERENCJI (ID_KLIENTA,ID_PREFERENCJI,WARTOSC) values ('2','3','Warszawa');
Insert into JAMESBONK.WARTOSCI_PREFERENCJI (ID_KLIENTA,ID_PREFERENCJI,WARTOSC) values ('2','8','0');
Insert into JAMESBONK.WARTOSCI_PREFERENCJI (ID_KLIENTA,ID_PREFERENCJI,WARTOSC) values ('2','9','4');
REM INSERTING into JAMESBONK.WLASCICIELE
SET DEFINE OFF;
Insert into JAMESBONK.WLASCICIELE (ID_WLASCICIEL,IMIE,NAZWISKO,TELEFON) values ('1','Piotr','Abacki','515533485');
Insert into JAMESBONK.WLASCICIELE (ID_WLASCICIEL,IMIE,NAZWISKO,TELEFON) values ('2','Adam','Babacki','515533485');
Insert into JAMESBONK.WLASCICIELE (ID_WLASCICIEL,IMIE,NAZWISKO,TELEFON) values ('3','Jan','Cebacki','889345284');
Insert into JAMESBONK.WLASCICIELE (ID_WLASCICIEL,IMIE,NAZWISKO,TELEFON) values ('4','Joanna','Nowak','524456829');
REM INSERTING into JAMESBONK.WYNAGRODZENIA
SET DEFINE OFF;
--------------------------------------------------------
--  DDL for Index KEY13
--------------------------------------------------------

  CREATE UNIQUE INDEX "JAMESBONK"."KEY13" ON "JAMESBONK"."OSRODKI_SPORTOWE" ("ID_OBIEKTU") 
  PCTFREE 10 INITRANS 2 MAXTRANS 255 COMPUTE STATISTICS NOCOMPRESS LOGGING
  TABLESPACE "USERS" ;
--------------------------------------------------------
--  DDL for Index IX_RELATIONSHIP3
--------------------------------------------------------

  CREATE INDEX "JAMESBONK"."IX_RELATIONSHIP3" ON "JAMESBONK"."OFERTY" ("ID_PRACOWNIKA") 
  PCTFREE 10 INITRANS 2 MAXTRANS 255 COMPUTE STATISTICS 
  STORAGE(INITIAL 65536 NEXT 1048576 MINEXTENTS 1 MAXEXTENTS 2147483645
  PCTINCREASE 0 FREELISTS 1 FREELIST GROUPS 1 BUFFER_POOL DEFAULT FLASH_CACHE DEFAULT CELL_FLASH_CACHE DEFAULT)
  TABLESPACE "USERS" ;
--------------------------------------------------------
--  DDL for Index IX_RELATIONSHIP4
--------------------------------------------------------

  CREATE INDEX "JAMESBONK"."IX_RELATIONSHIP4" ON "JAMESBONK"."TRANSAKCJE" ("ID_OFERTY") 
  PCTFREE 10 INITRANS 2 MAXTRANS 255 COMPUTE STATISTICS NOCOMPRESS LOGGING
  TABLESPACE "USERS" ;
--------------------------------------------------------
--  DDL for Index KEY23
--------------------------------------------------------

  CREATE UNIQUE INDEX "JAMESBONK"."KEY23" ON "JAMESBONK"."WYNAGRODZENIA" ("ID_WYNAGRODZENIA") 
  PCTFREE 10 INITRANS 2 MAXTRANS 255 COMPUTE STATISTICS NOCOMPRESS LOGGING
  TABLESPACE "USERS" ;
--------------------------------------------------------
--  DDL for Index IX_RELATIONSHIP16
--------------------------------------------------------

  CREATE INDEX "JAMESBONK"."IX_RELATIONSHIP16" ON "JAMESBONK"."PREFERENCJE_KLIENTA" ("ID_PREFERENCJI") 
  PCTFREE 10 INITRANS 2 MAXTRANS 255 COMPUTE STATISTICS 
  STORAGE(INITIAL 65536 NEXT 1048576 MINEXTENTS 1 MAXEXTENTS 2147483645
  PCTINCREASE 0 FREELISTS 1 FREELIST GROUPS 1 BUFFER_POOL DEFAULT FLASH_CACHE DEFAULT CELL_FLASH_CACHE DEFAULT)
  TABLESPACE "USERS" ;
--------------------------------------------------------
--  DDL for Index KEY16
--------------------------------------------------------

  CREATE UNIQUE INDEX "JAMESBONK"."KEY16" ON "JAMESBONK"."PREFERENCJE" ("ID_PREFERENCJI") 
  PCTFREE 10 INITRANS 2 MAXTRANS 255 COMPUTE STATISTICS 
  STORAGE(INITIAL 65536 NEXT 1048576 MINEXTENTS 1 MAXEXTENTS 2147483645
  PCTINCREASE 0 FREELISTS 1 FREELIST GROUPS 1 BUFFER_POOL DEFAULT FLASH_CACHE DEFAULT CELL_FLASH_CACHE DEFAULT)
  TABLESPACE "USERS" ;
--------------------------------------------------------
--  DDL for Index IX_RELATIONSHIP24
--------------------------------------------------------

  CREATE INDEX "JAMESBONK"."IX_RELATIONSHIP24" ON "JAMESBONK"."PROJEKTY" ("ID_ARCHITEKTA") 
  PCTFREE 10 INITRANS 2 MAXTRANS 255 COMPUTE STATISTICS 
  STORAGE(INITIAL 65536 NEXT 1048576 MINEXTENTS 1 MAXEXTENTS 2147483645
  PCTINCREASE 0 FREELISTS 1 FREELIST GROUPS 1 BUFFER_POOL DEFAULT FLASH_CACHE DEFAULT CELL_FLASH_CACHE DEFAULT)
  TABLESPACE "USERS" ;
--------------------------------------------------------
--  DDL for Index KEY21
--------------------------------------------------------

  CREATE UNIQUE INDEX "JAMESBONK"."KEY21" ON "JAMESBONK"."DEWELOPERZY" ("ID_DEWELOPERA") 
  PCTFREE 10 INITRANS 2 MAXTRANS 255 COMPUTE STATISTICS 
  STORAGE(INITIAL 65536 NEXT 1048576 MINEXTENTS 1 MAXEXTENTS 2147483645
  PCTINCREASE 0 FREELISTS 1 FREELIST GROUPS 1 BUFFER_POOL DEFAULT FLASH_CACHE DEFAULT CELL_FLASH_CACHE DEFAULT)
  TABLESPACE "USERS" ;
--------------------------------------------------------
--  DDL for Index IX_RELATIONSHIP2
--------------------------------------------------------

  CREATE INDEX "JAMESBONK"."IX_RELATIONSHIP2" ON "JAMESBONK"."OFERTY" ("ID_NIERUCHOMOSCI") 
  PCTFREE 10 INITRANS 2 MAXTRANS 255 COMPUTE STATISTICS 
  STORAGE(INITIAL 65536 NEXT 1048576 MINEXTENTS 1 MAXEXTENTS 2147483645
  PCTINCREASE 0 FREELISTS 1 FREELIST GROUPS 1 BUFFER_POOL DEFAULT FLASH_CACHE DEFAULT CELL_FLASH_CACHE DEFAULT)
  TABLESPACE "USERS" ;
--------------------------------------------------------
--  DDL for Index IX_RELATIONSHIP22
--------------------------------------------------------

  CREATE INDEX "JAMESBONK"."IX_RELATIONSHIP22" ON "JAMESBONK"."PROJEKTY" ("ID_DEWELOPERA") 
  PCTFREE 10 INITRANS 2 MAXTRANS 255 COMPUTE STATISTICS 
  STORAGE(INITIAL 65536 NEXT 1048576 MINEXTENTS 1 MAXEXTENTS 2147483645
  PCTINCREASE 0 FREELISTS 1 FREELIST GROUPS 1 BUFFER_POOL DEFAULT FLASH_CACHE DEFAULT CELL_FLASH_CACHE DEFAULT)
  TABLESPACE "USERS" ;
--------------------------------------------------------
--  DDL for Index IX_RELATIONSHIP6
--------------------------------------------------------

  CREATE INDEX "JAMESBONK"."IX_RELATIONSHIP6" ON "JAMESBONK"."TRANSAKCJE" ("ID_KLIENTA") 
  PCTFREE 10 INITRANS 2 MAXTRANS 255 COMPUTE STATISTICS NOCOMPRESS LOGGING
  TABLESPACE "USERS" ;
--------------------------------------------------------
--  DDL for Index KEY4
--------------------------------------------------------

  CREATE UNIQUE INDEX "JAMESBONK"."KEY4" ON "JAMESBONK"."PRACOWNICY" ("ID_PRACOWNIKA") 
  PCTFREE 10 INITRANS 2 MAXTRANS 255 COMPUTE STATISTICS 
  STORAGE(INITIAL 65536 NEXT 1048576 MINEXTENTS 1 MAXEXTENTS 2147483645
  PCTINCREASE 0 FREELISTS 1 FREELIST GROUPS 1 BUFFER_POOL DEFAULT FLASH_CACHE DEFAULT CELL_FLASH_CACHE DEFAULT)
  TABLESPACE "USERS" ;
--------------------------------------------------------
--  DDL for Index KEY24
--------------------------------------------------------

  CREATE UNIQUE INDEX "JAMESBONK"."KEY24" ON "JAMESBONK"."PREFEROWANE_OFERTY" ("ID_KLIENTA", "ID_OFERTY") 
  PCTFREE 10 INITRANS 2 MAXTRANS 255 COMPUTE STATISTICS 
  STORAGE(INITIAL 65536 NEXT 1048576 MINEXTENTS 1 MAXEXTENTS 2147483645
  PCTINCREASE 0 FREELISTS 1 FREELIST GROUPS 1 BUFFER_POOL DEFAULT FLASH_CACHE DEFAULT CELL_FLASH_CACHE DEFAULT)
  TABLESPACE "USERS" ;
--------------------------------------------------------
--  DDL for Index IX_RELATIONSHIP28
--------------------------------------------------------

  CREATE INDEX "JAMESBONK"."IX_RELATIONSHIP28" ON "JAMESBONK"."PREFEROWANE_OFERTY" ("ID_OFERTY") 
  PCTFREE 10 INITRANS 2 MAXTRANS 255 COMPUTE STATISTICS 
  STORAGE(INITIAL 65536 NEXT 1048576 MINEXTENTS 1 MAXEXTENTS 2147483645
  PCTINCREASE 0 FREELISTS 1 FREELIST GROUPS 1 BUFFER_POOL DEFAULT FLASH_CACHE DEFAULT CELL_FLASH_CACHE DEFAULT)
  TABLESPACE "USERS" ;
--------------------------------------------------------
--  DDL for Index KEY25
--------------------------------------------------------

  CREATE UNIQUE INDEX "JAMESBONK"."KEY25" ON "JAMESBONK"."STANOWISKA" ("ID_STANOWISKA") 
  PCTFREE 10 INITRANS 2 MAXTRANS 255 COMPUTE STATISTICS 
  STORAGE(INITIAL 65536 NEXT 1048576 MINEXTENTS 1 MAXEXTENTS 2147483645
  PCTINCREASE 0 FREELISTS 1 FREELIST GROUPS 1 BUFFER_POOL DEFAULT FLASH_CACHE DEFAULT CELL_FLASH_CACHE DEFAULT)
  TABLESPACE "USERS" ;
--------------------------------------------------------
--  DDL for Index KEY7
--------------------------------------------------------

  CREATE UNIQUE INDEX "JAMESBONK"."KEY7" ON "JAMESBONK"."POZYCJE_HISTORII_OFERTY" ("ID_POZYCJI") 
  PCTFREE 10 INITRANS 2 MAXTRANS 255 COMPUTE STATISTICS NOCOMPRESS LOGGING
  TABLESPACE "USERS" ;
--------------------------------------------------------
--  DDL for Index KEY3
--------------------------------------------------------

  CREATE UNIQUE INDEX "JAMESBONK"."KEY3" ON "JAMESBONK"."OFERTY" ("ID_OFERTY") 
  PCTFREE 10 INITRANS 2 MAXTRANS 255 COMPUTE STATISTICS 
  STORAGE(INITIAL 65536 NEXT 1048576 MINEXTENTS 1 MAXEXTENTS 2147483645
  PCTINCREASE 0 FREELISTS 1 FREELIST GROUPS 1 BUFFER_POOL DEFAULT FLASH_CACHE DEFAULT CELL_FLASH_CACHE DEFAULT)
  TABLESPACE "USERS" ;
--------------------------------------------------------
--  DDL for Index IX_RELATIONSHIP13
--------------------------------------------------------

  CREATE INDEX "JAMESBONK"."IX_RELATIONSHIP13" ON "JAMESBONK"."OSRODKI_SPORTOWE" ("ID_DZIELNICY") 
  PCTFREE 10 INITRANS 2 MAXTRANS 255 COMPUTE STATISTICS NOCOMPRESS LOGGING
  TABLESPACE "USERS" ;
--------------------------------------------------------
--  DDL for Index KEY5
--------------------------------------------------------

  CREATE UNIQUE INDEX "JAMESBONK"."KEY5" ON "JAMESBONK"."TRANSAKCJE" ("ID_TRANSAKCJI") 
  PCTFREE 10 INITRANS 2 MAXTRANS 255 COMPUTE STATISTICS NOCOMPRESS LOGGING
  TABLESPACE "USERS" ;
--------------------------------------------------------
--  DDL for Index IX_RELATIONSHIP12
--------------------------------------------------------

  CREATE INDEX "JAMESBONK"."IX_RELATIONSHIP12" ON "JAMESBONK"."SZKOLY" ("ID_DZIELNICY") 
  PCTFREE 10 INITRANS 2 MAXTRANS 255 COMPUTE STATISTICS NOCOMPRESS LOGGING
  TABLESPACE "USERS" ;
--------------------------------------------------------
--  DDL for Index IX_RELATIONSHIP26
--------------------------------------------------------

  CREATE INDEX "JAMESBONK"."IX_RELATIONSHIP26" ON "JAMESBONK"."PROJEKTY" ("ID_OSIEDLA") 
  PCTFREE 10 INITRANS 2 MAXTRANS 255 COMPUTE STATISTICS 
  STORAGE(INITIAL 65536 NEXT 1048576 MINEXTENTS 1 MAXEXTENTS 2147483645
  PCTINCREASE 0 FREELISTS 1 FREELIST GROUPS 1 BUFFER_POOL DEFAULT FLASH_CACHE DEFAULT CELL_FLASH_CACHE DEFAULT)
  TABLESPACE "USERS" ;
--------------------------------------------------------
--  DDL for Index KEY22
--------------------------------------------------------

  CREATE UNIQUE INDEX "JAMESBONK"."KEY22" ON "JAMESBONK"."ARCHITEKCI" ("ID_ARCHITEKTA") 
  PCTFREE 10 INITRANS 2 MAXTRANS 255 COMPUTE STATISTICS 
  STORAGE(INITIAL 65536 NEXT 1048576 MINEXTENTS 1 MAXEXTENTS 2147483645
  PCTINCREASE 0 FREELISTS 1 FREELIST GROUPS 1 BUFFER_POOL DEFAULT FLASH_CACHE DEFAULT CELL_FLASH_CACHE DEFAULT)
  TABLESPACE "USERS" ;
--------------------------------------------------------
--  DDL for Index IX_RELATIONSHIP30
--------------------------------------------------------

  CREATE INDEX "JAMESBONK"."IX_RELATIONSHIP30" ON "JAMESBONK"."WYNAGRODZENIA" ("ID_PRACOWNIKA") 
  PCTFREE 10 INITRANS 2 MAXTRANS 255 COMPUTE STATISTICS NOCOMPRESS LOGGING
  TABLESPACE "USERS" ;
--------------------------------------------------------
--  DDL for Index KEY6
--------------------------------------------------------

  CREATE UNIQUE INDEX "JAMESBONK"."KEY6" ON "JAMESBONK"."KLIENCI" ("ID_KLIENTA") 
  PCTFREE 10 INITRANS 2 MAXTRANS 255 COMPUTE STATISTICS 
  STORAGE(INITIAL 65536 NEXT 1048576 MINEXTENTS 1 MAXEXTENTS 2147483645
  PCTINCREASE 0 FREELISTS 1 FREELIST GROUPS 1 BUFFER_POOL DEFAULT FLASH_CACHE DEFAULT CELL_FLASH_CACHE DEFAULT)
  TABLESPACE "USERS" ;
--------------------------------------------------------
--  DDL for Index IX_POSIADA
--------------------------------------------------------

  CREATE INDEX "JAMESBONK"."IX_POSIADA" ON "JAMESBONK"."NIERUCHOMOSCI" ("ID_WLASCICIEL") 
  PCTFREE 10 INITRANS 2 MAXTRANS 255 COMPUTE STATISTICS 
  STORAGE(INITIAL 65536 NEXT 1048576 MINEXTENTS 1 MAXEXTENTS 2147483645
  PCTINCREASE 0 FREELISTS 1 FREELIST GROUPS 1 BUFFER_POOL DEFAULT FLASH_CACHE DEFAULT CELL_FLASH_CACHE DEFAULT)
  TABLESPACE "USERS" ;
--------------------------------------------------------
--  DDL for Index IX_RELATIONSHIP21
--------------------------------------------------------

  CREATE INDEX "JAMESBONK"."IX_RELATIONSHIP21" ON "JAMESBONK"."BUDYNKI" ("ID_PROJEKTU") 
  PCTFREE 10 INITRANS 2 MAXTRANS 255 COMPUTE STATISTICS 
  STORAGE(INITIAL 65536 NEXT 1048576 MINEXTENTS 1 MAXEXTENTS 2147483645
  PCTINCREASE 0 FREELISTS 1 FREELIST GROUPS 1 BUFFER_POOL DEFAULT FLASH_CACHE DEFAULT CELL_FLASH_CACHE DEFAULT)
  TABLESPACE "USERS" ;
--------------------------------------------------------
--  DDL for Index KEY20
--------------------------------------------------------

  CREATE UNIQUE INDEX "JAMESBONK"."KEY20" ON "JAMESBONK"."PROJEKTY" ("ID_PROJEKTU") 
  PCTFREE 10 INITRANS 2 MAXTRANS 255 COMPUTE STATISTICS 
  STORAGE(INITIAL 65536 NEXT 1048576 MINEXTENTS 1 MAXEXTENTS 2147483645
  PCTINCREASE 0 FREELISTS 1 FREELIST GROUPS 1 BUFFER_POOL DEFAULT FLASH_CACHE DEFAULT CELL_FLASH_CACHE DEFAULT)
  TABLESPACE "USERS" ;
--------------------------------------------------------
--  DDL for Index KEY11
--------------------------------------------------------

  CREATE UNIQUE INDEX "JAMESBONK"."KEY11" ON "JAMESBONK"."DZIELNICE" ("ID_DZIELNICY") 
  PCTFREE 10 INITRANS 2 MAXTRANS 255 COMPUTE STATISTICS 
  STORAGE(INITIAL 65536 NEXT 1048576 MINEXTENTS 1 MAXEXTENTS 2147483645
  PCTINCREASE 0 FREELISTS 1 FREELIST GROUPS 1 BUFFER_POOL DEFAULT FLASH_CACHE DEFAULT CELL_FLASH_CACHE DEFAULT)
  TABLESPACE "USERS" ;
--------------------------------------------------------
--  DDL for Index IX_RELATIONSHIP11
--------------------------------------------------------

  CREATE INDEX "JAMESBONK"."IX_RELATIONSHIP11" ON "JAMESBONK"."OSIEDLA" ("ID_DZIELNICY") 
  PCTFREE 10 INITRANS 2 MAXTRANS 255 COMPUTE STATISTICS 
  STORAGE(INITIAL 65536 NEXT 1048576 MINEXTENTS 1 MAXEXTENTS 2147483645
  PCTINCREASE 0 FREELISTS 1 FREELIST GROUPS 1 BUFFER_POOL DEFAULT FLASH_CACHE DEFAULT CELL_FLASH_CACHE DEFAULT)
  TABLESPACE "USERS" ;
--------------------------------------------------------
--  DDL for Index KEY9
--------------------------------------------------------

  CREATE UNIQUE INDEX "JAMESBONK"."KEY9" ON "JAMESBONK"."KOMUNIKACJA" ("ID_KOMUNIKACJI") 
  PCTFREE 10 INITRANS 2 MAXTRANS 255 COMPUTE STATISTICS NOCOMPRESS LOGGING
  TABLESPACE "USERS" ;
--------------------------------------------------------
--  DDL for Index IX_RELATIONSHIP18
--------------------------------------------------------

  CREATE INDEX "JAMESBONK"."IX_RELATIONSHIP18" ON "JAMESBONK"."WARTOSCI_PREFERENCJI" ("ID_PREFERENCJI") 
  PCTFREE 10 INITRANS 2 MAXTRANS 255 COMPUTE STATISTICS 
  STORAGE(INITIAL 65536 NEXT 1048576 MINEXTENTS 1 MAXEXTENTS 2147483645
  PCTINCREASE 0 FREELISTS 1 FREELIST GROUPS 1 BUFFER_POOL DEFAULT FLASH_CACHE DEFAULT CELL_FLASH_CACHE DEFAULT)
  TABLESPACE "USERS" ;
--------------------------------------------------------
--  DDL for Index KEY2
--------------------------------------------------------

  CREATE UNIQUE INDEX "JAMESBONK"."KEY2" ON "JAMESBONK"."WLASCICIELE" ("ID_WLASCICIEL") 
  PCTFREE 10 INITRANS 2 MAXTRANS 255 COMPUTE STATISTICS 
  STORAGE(INITIAL 65536 NEXT 1048576 MINEXTENTS 1 MAXEXTENTS 2147483645
  PCTINCREASE 0 FREELISTS 1 FREELIST GROUPS 1 BUFFER_POOL DEFAULT FLASH_CACHE DEFAULT CELL_FLASH_CACHE DEFAULT)
  TABLESPACE "USERS" ;
--------------------------------------------------------
--  DDL for Index KEY19
--------------------------------------------------------

  CREATE UNIQUE INDEX "JAMESBONK"."KEY19" ON "JAMESBONK"."BUDYNKI" ("ID_BUDYNKU") 
  PCTFREE 10 INITRANS 2 MAXTRANS 255 COMPUTE STATISTICS 
  STORAGE(INITIAL 65536 NEXT 1048576 MINEXTENTS 1 MAXEXTENTS 2147483645
  PCTINCREASE 0 FREELISTS 1 FREELIST GROUPS 1 BUFFER_POOL DEFAULT FLASH_CACHE DEFAULT CELL_FLASH_CACHE DEFAULT)
  TABLESPACE "USERS" ;
--------------------------------------------------------
--  DDL for Index KEY8
--------------------------------------------------------

  CREATE UNIQUE INDEX "JAMESBONK"."KEY8" ON "JAMESBONK"."OSIEDLA" ("ID_OSIEDLA") 
  PCTFREE 10 INITRANS 2 MAXTRANS 255 COMPUTE STATISTICS 
  STORAGE(INITIAL 65536 NEXT 1048576 MINEXTENTS 1 MAXEXTENTS 2147483645
  PCTINCREASE 0 FREELISTS 1 FREELIST GROUPS 1 BUFFER_POOL DEFAULT FLASH_CACHE DEFAULT CELL_FLASH_CACHE DEFAULT)
  TABLESPACE "USERS" ;
--------------------------------------------------------
--  DDL for Index IX_RELATIONSHIP7
--------------------------------------------------------

  CREATE INDEX "JAMESBONK"."IX_RELATIONSHIP7" ON "JAMESBONK"."POZYCJE_HISTORII_OFERTY" ("ID_OFERTY") 
  PCTFREE 10 INITRANS 2 MAXTRANS 255 COMPUTE STATISTICS NOCOMPRESS LOGGING
  TABLESPACE "USERS" ;
--------------------------------------------------------
--  DDL for Index KEY10
--------------------------------------------------------

  CREATE UNIQUE INDEX "JAMESBONK"."KEY10" ON "JAMESBONK"."SKLEPY" ("ID_SKLEPU") 
  PCTFREE 10 INITRANS 2 MAXTRANS 255 COMPUTE STATISTICS NOCOMPRESS LOGGING
  TABLESPACE "USERS" ;
--------------------------------------------------------
--  DDL for Index IX_RELATIONSHIP17
--------------------------------------------------------

  CREATE INDEX "JAMESBONK"."IX_RELATIONSHIP17" ON "JAMESBONK"."WARTOSCI_PREFERENCJI" ("ID_KLIENTA") 
  PCTFREE 10 INITRANS 2 MAXTRANS 255 COMPUTE STATISTICS 
  STORAGE(INITIAL 65536 NEXT 1048576 MINEXTENTS 1 MAXEXTENTS 2147483645
  PCTINCREASE 0 FREELISTS 1 FREELIST GROUPS 1 BUFFER_POOL DEFAULT FLASH_CACHE DEFAULT CELL_FLASH_CACHE DEFAULT)
  TABLESPACE "USERS" ;
--------------------------------------------------------
--  DDL for Index IX_RELATIONSHIP9
--------------------------------------------------------

  CREATE INDEX "JAMESBONK"."IX_RELATIONSHIP9" ON "JAMESBONK"."KOMUNIKACJA" ("ID_OSIEDLA") 
  PCTFREE 10 INITRANS 2 MAXTRANS 255 COMPUTE STATISTICS NOCOMPRESS LOGGING
  TABLESPACE "USERS" ;
--------------------------------------------------------
--  DDL for Index IX_RELATIONSHIP27
--------------------------------------------------------

  CREATE INDEX "JAMESBONK"."IX_RELATIONSHIP27" ON "JAMESBONK"."PREFEROWANE_OFERTY" ("ID_KLIENTA") 
  PCTFREE 10 INITRANS 2 MAXTRANS 255 COMPUTE STATISTICS 
  STORAGE(INITIAL 65536 NEXT 1048576 MINEXTENTS 1 MAXEXTENTS 2147483645
  PCTINCREASE 0 FREELISTS 1 FREELIST GROUPS 1 BUFFER_POOL DEFAULT FLASH_CACHE DEFAULT CELL_FLASH_CACHE DEFAULT)
  TABLESPACE "USERS" ;
--------------------------------------------------------
--  DDL for Index IX_RELATIONSHIP29
--------------------------------------------------------

  CREATE INDEX "JAMESBONK"."IX_RELATIONSHIP29" ON "JAMESBONK"."PRACOWNICY" ("ID_STANOWISKA") 
  PCTFREE 10 INITRANS 2 MAXTRANS 255 COMPUTE STATISTICS 
  STORAGE(INITIAL 65536 NEXT 1048576 MINEXTENTS 1 MAXEXTENTS 2147483645
  PCTINCREASE 0 FREELISTS 1 FREELIST GROUPS 1 BUFFER_POOL DEFAULT FLASH_CACHE DEFAULT CELL_FLASH_CACHE DEFAULT)
  TABLESPACE "USERS" ;
--------------------------------------------------------
--  DDL for Index IX_RELATIONSHIP20
--------------------------------------------------------

  CREATE INDEX "JAMESBONK"."IX_RELATIONSHIP20" ON "JAMESBONK"."NEGOCJACJE" ("ID_BUDYNKU") 
  PCTFREE 10 INITRANS 2 MAXTRANS 255 COMPUTE STATISTICS 
  STORAGE(INITIAL 65536 NEXT 1048576 MINEXTENTS 1 MAXEXTENTS 2147483645
  PCTINCREASE 0 FREELISTS 1 FREELIST GROUPS 1 BUFFER_POOL DEFAULT FLASH_CACHE DEFAULT CELL_FLASH_CACHE DEFAULT)
  TABLESPACE "USERS" ;
--------------------------------------------------------
--  DDL for Index KEY14
--------------------------------------------------------

  CREATE UNIQUE INDEX "JAMESBONK"."KEY14" ON "JAMESBONK"."OBIEKTT_KULTUROWE" ("ID_OBIEKTU") 
  PCTFREE 10 INITRANS 2 MAXTRANS 255 COMPUTE STATISTICS NOCOMPRESS LOGGING
  TABLESPACE "USERS" ;
--------------------------------------------------------
--  DDL for Index KEY15
--------------------------------------------------------

  CREATE UNIQUE INDEX "JAMESBONK"."KEY15" ON "JAMESBONK"."PREFERENCJE_KLIENTA" ("ID_KLIENTA", "ID_PREFERENCJI") 
  PCTFREE 10 INITRANS 2 MAXTRANS 255 COMPUTE STATISTICS 
  STORAGE(INITIAL 65536 NEXT 1048576 MINEXTENTS 1 MAXEXTENTS 2147483645
  PCTINCREASE 0 FREELISTS 1 FREELIST GROUPS 1 BUFFER_POOL DEFAULT FLASH_CACHE DEFAULT CELL_FLASH_CACHE DEFAULT)
  TABLESPACE "USERS" ;
--------------------------------------------------------
--  DDL for Index KEY1
--------------------------------------------------------

  CREATE UNIQUE INDEX "JAMESBONK"."KEY1" ON "JAMESBONK"."NIERUCHOMOSCI" ("ID_NIERUCHOMOSCI") 
  PCTFREE 10 INITRANS 2 MAXTRANS 255 COMPUTE STATISTICS 
  STORAGE(INITIAL 65536 NEXT 1048576 MINEXTENTS 1 MAXEXTENTS 2147483645
  PCTINCREASE 0 FREELISTS 1 FREELIST GROUPS 1 BUFFER_POOL DEFAULT FLASH_CACHE DEFAULT CELL_FLASH_CACHE DEFAULT)
  TABLESPACE "USERS" ;
--------------------------------------------------------
--  DDL for Index KEY18
--------------------------------------------------------

  CREATE UNIQUE INDEX "JAMESBONK"."KEY18" ON "JAMESBONK"."NEGOCJACJE" ("ID_BUDYNKU", "ID_PRACOWNIKA") 
  PCTFREE 10 INITRANS 2 MAXTRANS 255 COMPUTE STATISTICS 
  STORAGE(INITIAL 65536 NEXT 1048576 MINEXTENTS 1 MAXEXTENTS 2147483645
  PCTINCREASE 0 FREELISTS 1 FREELIST GROUPS 1 BUFFER_POOL DEFAULT FLASH_CACHE DEFAULT CELL_FLASH_CACHE DEFAULT)
  TABLESPACE "USERS" ;
--------------------------------------------------------
--  DDL for Index IX_RELATIONSHIP14
--------------------------------------------------------

  CREATE INDEX "JAMESBONK"."IX_RELATIONSHIP14" ON "JAMESBONK"."OBIEKTT_KULTUROWE" ("ID_DZIELNICY") 
  PCTFREE 10 INITRANS 2 MAXTRANS 255 COMPUTE STATISTICS NOCOMPRESS LOGGING
  TABLESPACE "USERS" ;
--------------------------------------------------------
--  DDL for Index IX_RELATIONSHIP8
--------------------------------------------------------

  CREATE INDEX "JAMESBONK"."IX_RELATIONSHIP8" ON "JAMESBONK"."NIERUCHOMOSCI" ("ID_OSIEDLA") 
  PCTFREE 10 INITRANS 2 MAXTRANS 255 COMPUTE STATISTICS 
  STORAGE(INITIAL 65536 NEXT 1048576 MINEXTENTS 1 MAXEXTENTS 2147483645
  PCTINCREASE 0 FREELISTS 1 FREELIST GROUPS 1 BUFFER_POOL DEFAULT FLASH_CACHE DEFAULT CELL_FLASH_CACHE DEFAULT)
  TABLESPACE "USERS" ;
--------------------------------------------------------
--  DDL for Index IX_RELATIONSHIP10
--------------------------------------------------------

  CREATE INDEX "JAMESBONK"."IX_RELATIONSHIP10" ON "JAMESBONK"."SKLEPY" ("ID_OSIEDLA") 
  PCTFREE 10 INITRANS 2 MAXTRANS 255 COMPUTE STATISTICS NOCOMPRESS LOGGING
  TABLESPACE "USERS" ;
--------------------------------------------------------
--  DDL for Index KEY12
--------------------------------------------------------

  CREATE UNIQUE INDEX "JAMESBONK"."KEY12" ON "JAMESBONK"."SZKOLY" ("ID_SZKOLY") 
  PCTFREE 10 INITRANS 2 MAXTRANS 255 COMPUTE STATISTICS NOCOMPRESS LOGGING
  TABLESPACE "USERS" ;
--------------------------------------------------------
--  DDL for Index KEY17
--------------------------------------------------------

  CREATE UNIQUE INDEX "JAMESBONK"."KEY17" ON "JAMESBONK"."WARTOSCI_PREFERENCJI" ("ID_KLIENTA", "ID_PREFERENCJI", "WARTOSC") 
  PCTFREE 10 INITRANS 2 MAXTRANS 255 COMPUTE STATISTICS 
  STORAGE(INITIAL 65536 NEXT 1048576 MINEXTENTS 1 MAXEXTENTS 2147483645
  PCTINCREASE 0 FREELISTS 1 FREELIST GROUPS 1 BUFFER_POOL DEFAULT FLASH_CACHE DEFAULT CELL_FLASH_CACHE DEFAULT)
  TABLESPACE "USERS" ;
--------------------------------------------------------
--  DDL for Index IX_RELATIONSHIP15
--------------------------------------------------------

  CREATE INDEX "JAMESBONK"."IX_RELATIONSHIP15" ON "JAMESBONK"."PREFERENCJE_KLIENTA" ("ID_KLIENTA") 
  PCTFREE 10 INITRANS 2 MAXTRANS 255 COMPUTE STATISTICS 
  STORAGE(INITIAL 65536 NEXT 1048576 MINEXTENTS 1 MAXEXTENTS 2147483645
  PCTINCREASE 0 FREELISTS 1 FREELIST GROUPS 1 BUFFER_POOL DEFAULT FLASH_CACHE DEFAULT CELL_FLASH_CACHE DEFAULT)
  TABLESPACE "USERS" ;
--------------------------------------------------------
--  DDL for Trigger ARCHITEKCI_TRG
--------------------------------------------------------

  CREATE OR REPLACE TRIGGER "JAMESBONK"."ARCHITEKCI_TRG" 
BEFORE INSERT ON ARCHITEKCI 
FOR EACH ROW 
BEGIN
  <<COLUMN_SEQUENCES>>
  BEGIN
    IF INSERTING AND :NEW.ID_ARCHITEKTA IS NULL THEN
      SELECT ARCHITEKCI_SEQ.NEXTVAL INTO :NEW.ID_ARCHITEKTA FROM SYS.DUAL;
    END IF;
  END COLUMN_SEQUENCES;
END;
/
ALTER TRIGGER "JAMESBONK"."ARCHITEKCI_TRG" ENABLE;
--------------------------------------------------------
--  DDL for Trigger BUDYNKI_TRG
--------------------------------------------------------

  CREATE OR REPLACE TRIGGER "JAMESBONK"."BUDYNKI_TRG" 
BEFORE INSERT ON BUDYNKI 
FOR EACH ROW 
BEGIN
  <<COLUMN_SEQUENCES>>
  BEGIN
    NULL;
  END COLUMN_SEQUENCES;
END;
/
ALTER TRIGGER "JAMESBONK"."BUDYNKI_TRG" ENABLE;
--------------------------------------------------------
--  DDL for Trigger DEWELOPERZY_TRG
--------------------------------------------------------

  CREATE OR REPLACE TRIGGER "JAMESBONK"."DEWELOPERZY_TRG" 
BEFORE INSERT ON DEWELOPERZY 
FOR EACH ROW 
BEGIN
  <<COLUMN_SEQUENCES>>
  BEGIN
    IF INSERTING AND :NEW.ID_DEWELOPERA IS NULL THEN
      SELECT DEWELOPERZY_SEQ.NEXTVAL INTO :NEW.ID_DEWELOPERA FROM SYS.DUAL;
    END IF;
  END COLUMN_SEQUENCES;
END;
/
ALTER TRIGGER "JAMESBONK"."DEWELOPERZY_TRG" ENABLE;
--------------------------------------------------------
--  DDL for Trigger DZIELNICE_TRG
--------------------------------------------------------

  CREATE OR REPLACE TRIGGER "JAMESBONK"."DZIELNICE_TRG" 
BEFORE INSERT ON DZIELNICE 
FOR EACH ROW 
BEGIN
  <<COLUMN_SEQUENCES>>
  BEGIN
    IF INSERTING AND :NEW.ID_DZIELNICY IS NULL THEN
      SELECT DZIELNICE_SEQ.NEXTVAL INTO :NEW.ID_DZIELNICY FROM SYS.DUAL;
    END IF;
  END COLUMN_SEQUENCES;
END;
/
ALTER TRIGGER "JAMESBONK"."DZIELNICE_TRG" ENABLE;
--------------------------------------------------------
--  DDL for Trigger KLIENCI_TRG
--------------------------------------------------------

  CREATE OR REPLACE TRIGGER "JAMESBONK"."KLIENCI_TRG" 
BEFORE INSERT ON KLIENCI 
FOR EACH ROW 
BEGIN
  <<COLUMN_SEQUENCES>>
  BEGIN
    IF INSERTING AND :NEW.ID_KLIENTA IS NULL THEN
      SELECT KLIENCI_SEQ.NEXTVAL INTO :NEW.ID_KLIENTA FROM SYS.DUAL;
    END IF;
  END COLUMN_SEQUENCES;
END;
/
ALTER TRIGGER "JAMESBONK"."KLIENCI_TRG" ENABLE;
--------------------------------------------------------
--  DDL for Trigger NIERUCHOMOSCI_TRG
--------------------------------------------------------

  CREATE OR REPLACE TRIGGER "JAMESBONK"."NIERUCHOMOSCI_TRG" 
BEFORE INSERT ON NIERUCHOMOSCI 
FOR EACH ROW 
BEGIN
  <<COLUMN_SEQUENCES>>
  BEGIN
    IF INSERTING AND :NEW.ID_NIERUCHOMOSCI IS NULL THEN
      SELECT NIERUCHOMOSCI_SEQ.NEXTVAL INTO :NEW.ID_NIERUCHOMOSCI FROM SYS.DUAL;
    END IF;
  END COLUMN_SEQUENCES;
END;
/
ALTER TRIGGER "JAMESBONK"."NIERUCHOMOSCI_TRG" ENABLE;
--------------------------------------------------------
--  DDL for Trigger OFERTY_TRG
--------------------------------------------------------

  CREATE OR REPLACE TRIGGER "JAMESBONK"."OFERTY_TRG" 
BEFORE INSERT ON OFERTY 
FOR EACH ROW 
BEGIN
  <<COLUMN_SEQUENCES>>
  BEGIN
    IF INSERTING AND :NEW.ID_NIERUCHOMOSCI IS NULL THEN
      SELECT OFERTY_SEQ.NEXTVAL INTO :NEW.ID_NIERUCHOMOSCI FROM SYS.DUAL;
    END IF;
  END COLUMN_SEQUENCES;
END;
/
ALTER TRIGGER "JAMESBONK"."OFERTY_TRG" ENABLE;
--------------------------------------------------------
--  DDL for Trigger OFERTY_TRG1
--------------------------------------------------------

  CREATE OR REPLACE TRIGGER "JAMESBONK"."OFERTY_TRG1" 
BEFORE INSERT ON OFERTY 
FOR EACH ROW 
BEGIN
  <<COLUMN_SEQUENCES>>
  BEGIN
    IF INSERTING AND :NEW.ID_OFERTY IS NULL THEN
      SELECT OFERTY_SEQ1.NEXTVAL INTO :NEW.ID_OFERTY FROM SYS.DUAL;
    END IF;
  END COLUMN_SEQUENCES;
END;
/
ALTER TRIGGER "JAMESBONK"."OFERTY_TRG1" ENABLE;
--------------------------------------------------------
--  DDL for Trigger OSIEDLA_TRG
--------------------------------------------------------

  CREATE OR REPLACE TRIGGER "JAMESBONK"."OSIEDLA_TRG" 
BEFORE INSERT ON OSIEDLA 
FOR EACH ROW 
BEGIN
  <<COLUMN_SEQUENCES>>
  BEGIN
    IF INSERTING AND :NEW.ID_OSIEDLA IS NULL THEN
      SELECT OSIEDLA_SEQ.NEXTVAL INTO :NEW.ID_OSIEDLA FROM SYS.DUAL;
    END IF;
  END COLUMN_SEQUENCES;
END;
/
ALTER TRIGGER "JAMESBONK"."OSIEDLA_TRG" ENABLE;
--------------------------------------------------------
--  DDL for Trigger PRACOWNICY_TRG
--------------------------------------------------------

  CREATE OR REPLACE TRIGGER "JAMESBONK"."PRACOWNICY_TRG" 
BEFORE INSERT ON PRACOWNICY 
FOR EACH ROW 
BEGIN
  <<COLUMN_SEQUENCES>>
  BEGIN
    IF INSERTING AND :NEW.ID_PRACOWNIKA IS NULL THEN
      SELECT PRACOWNICY_SEQ.NEXTVAL INTO :NEW.ID_PRACOWNIKA FROM SYS.DUAL;
    END IF;
  END COLUMN_SEQUENCES;
END;
/
ALTER TRIGGER "JAMESBONK"."PRACOWNICY_TRG" ENABLE;
--------------------------------------------------------
--  DDL for Trigger PREFERENCJE_TRG
--------------------------------------------------------

  CREATE OR REPLACE TRIGGER "JAMESBONK"."PREFERENCJE_TRG" 
BEFORE INSERT ON PREFERENCJE 
FOR EACH ROW 
BEGIN
  <<COLUMN_SEQUENCES>>
  BEGIN
    IF INSERTING AND :NEW.ID_PREFERENCJI IS NULL THEN
      SELECT PREFERENCJE_SEQ.NEXTVAL INTO :NEW.ID_PREFERENCJI FROM SYS.DUAL;
    END IF;
  END COLUMN_SEQUENCES;
END;
/
ALTER TRIGGER "JAMESBONK"."PREFERENCJE_TRG" ENABLE;
--------------------------------------------------------
--  DDL for Trigger PROJEKTY_TRG
--------------------------------------------------------

  CREATE OR REPLACE TRIGGER "JAMESBONK"."PROJEKTY_TRG" 
BEFORE INSERT ON PROJEKTY 
FOR EACH ROW 
BEGIN
  <<COLUMN_SEQUENCES>>
  BEGIN
    IF INSERTING AND :NEW.ID_PROJEKTU IS NULL THEN
      SELECT PROJEKTY_SEQ.NEXTVAL INTO :NEW.ID_PROJEKTU FROM SYS.DUAL;
    END IF;
  END COLUMN_SEQUENCES;
END;
/
ALTER TRIGGER "JAMESBONK"."PROJEKTY_TRG" ENABLE;
--------------------------------------------------------
--  DDL for Trigger WLASCICIELE_TRG
--------------------------------------------------------

  CREATE OR REPLACE TRIGGER "JAMESBONK"."WLASCICIELE_TRG" 
BEFORE INSERT ON WLASCICIELE 
FOR EACH ROW 
BEGIN
  <<COLUMN_SEQUENCES>>
  BEGIN
    IF INSERTING AND :NEW.ID_WLASCICIEL IS NULL THEN
      SELECT WLASCICIELE_SEQ.NEXTVAL INTO :NEW.ID_WLASCICIEL FROM SYS.DUAL;
    END IF;
  END COLUMN_SEQUENCES;
END;
/
ALTER TRIGGER "JAMESBONK"."WLASCICIELE_TRG" ENABLE;
--------------------------------------------------------
--  DDL for Procedure DROP_ALL_SCHEMA_OBJECTS
--------------------------------------------------------
set define off;

  CREATE OR REPLACE PROCEDURE "JAMESBONK"."DROP_ALL_SCHEMA_OBJECTS" AS
PRAGMA AUTONOMOUS_TRANSACTION;
cursor c_get_objects is
  select object_type,'"'||object_name||'"'||decode(object_type,'TABLE' ,' cascade constraints',null) obj_name
  FROM USER_OBJECTS
  where object_type in ('TABLE','VIEW','PACKAGE','SEQUENCE','SYNONYM', 'MATERIALIZED VIEW', 'TYPE')
  order by object_type;
BEGIN
  begin
    for object_rec in c_get_objects loop
      execute immediate ('drop '||object_rec.object_type||' ' ||object_rec.obj_name);
    end loop;
  end;
END DROP_ALL_SCHEMA_OBJECTS;

/
--------------------------------------------------------
--  DDL for Procedure UPDATE_NIERUCHOMOSCI
--------------------------------------------------------
set define off;

  CREATE OR REPLACE PROCEDURE "JAMESBONK"."UPDATE_NIERUCHOMOSCI" (BUDYNEK_ID NUMBER) AS
    v_count NUMBER:=1;
    CURSOR c_budynku IS SELECT ILOSC FROM BUDYNKI WHERE ID_BUDYNKU=BUDYNEK_ID;
    v_max_count BUDYNKI.ILOSC%TYPE;
   BEGIN
    OPEN c_budynku;
    FETCH c_budynku INTO v_max_count;
    LOOP
      INSERT INTO NIERUCHOMOSCI(ID_WLASCICIEL,MIASTO,ULICA,TYP, NR_BUDYNKU,POWIERZCHNIA,PIETRO,POKOJE) VALUES(
      (SELECT ID_WLASCICIEL FROM WLASCICIELE WHERE WLASCICIELE.IMIE = (SELECT PRACOWNICY.IMIE FROM PRACOWNICY WHERE
      PRACOWNICY.ID_STANOWISKA=1) AND WLASCICIELE.NAZWISKO = (SELECT PRACOWNICY.NAZWISKO FROM PRACOWNICY WHERE
      PRACOWNICY.ID_STANOWISKA=1)), (SELECT DISTINCT (MIASTO) FROM BUDYNKI WHERE ID_BUDYNKU = BUDYNEK_ID),
      (SELECT DISTINCT (ULICA) FROM BUDYNKI WHERE ID_BUDYNKU = BUDYNEK_ID),
      (SELECT DISTINCT (TYPNIERUCHOMOSCI) FROM BUDYNKI WHERE ID_BUDYNKU = BUDYNEK_ID),
      (SELECT DISTINCT (NR_BUDYNKU) FROM BUDYNKI WHERE ID_BUDYNKU = BUDYNEK_ID),
      (SELECT DISTINCT (POWIERZCHNIA) FROM BUDYNKI WHERE ID_BUDYNKU = BUDYNEK_ID),
      (SELECT DISTINCT (PIETRO) FROM BUDYNKI WHERE ID_BUDYNKU = BUDYNEK_ID),
      (SELECT DISTINCT (POKOJE) FROM BUDYNKI WHERE ID_BUDYNKU = BUDYNEK_ID));
      v_count:=v_count+1;
      EXIT WHEN v_count>v_max_count; 
    END LOOP;
    DELETE FROM NEGOCJACJE WHERE ID_BUDYNKU = BUDYNEK_ID;
   END;

/
--------------------------------------------------------
--  DDL for Procedure UPDATE_NIERUCHOMOSCI2
--------------------------------------------------------
set define off;

  CREATE OR REPLACE PROCEDURE "JAMESBONK"."UPDATE_NIERUCHOMOSCI2" (BUDYNEK_ID NUMBER) AS
    v_count NUMBER:=1;
    CURSOR c_budynku IS SELECT ILOSC FROM BUDYNKI WHERE ID_BUDYNKU=BUDYNEK_ID;
    v_max_count BUDYNKI.ILOSC%TYPE;
   BEGIN
    OPEN c_budynku;
    FETCH c_budynku INTO v_max_count;
    LOOP
      INSERT INTO NIERUCHOMOSCI(ID_WLASCICIEL,MIASTO,ULICA,TYP, NR_BUDYNKU,POWIERZCHNIA,PIETRO,POKOJE) VALUES(4, (SELECT DISTINCT (MIASTO) FROM BUDYNKI WHERE ID_BUDYNKU = BUDYNEK_ID),
      (SELECT DISTINCT (ULICA) FROM BUDYNKI WHERE ID_BUDYNKU = BUDYNEK_ID),
      (SELECT DISTINCT (TYPNIERUCHOMOSCI) FROM BUDYNKI WHERE ID_BUDYNKU = BUDYNEK_ID),
      (SELECT DISTINCT (NR_BUDYNKU) FROM BUDYNKI WHERE ID_BUDYNKU = BUDYNEK_ID),
      (SELECT DISTINCT (POWIERZCHNIA) FROM BUDYNKI WHERE ID_BUDYNKU = BUDYNEK_ID),
      (SELECT DISTINCT (PIETRO) FROM BUDYNKI WHERE ID_BUDYNKU = BUDYNEK_ID),
      (SELECT DISTINCT (POKOJE) FROM BUDYNKI WHERE ID_BUDYNKU = BUDYNEK_ID));
      v_count:=v_count+1;
      EXIT WHEN v_count>v_max_count; 
    END LOOP;
   END;

/
--------------------------------------------------------
--  DDL for Procedure UPDATE_NIERUCHOMOSCIV2
--------------------------------------------------------
set define off;

  CREATE OR REPLACE PROCEDURE "JAMESBONK"."UPDATE_NIERUCHOMOSCIV2" (BUDYNEK_ID NUMBER) AS
    v_count NUMBER:=1;
    v_max_count BUDYNKI.ILOSC%TYPE;
    v_wlasciciel WLASCICIELE.ID_WLASCICIEL%TYPE;
    v_miasto NIERUCHOMOSCI.MIASTO%TYPE;
    v_ulica NIERUCHOMOSCI.ULICA%TYPE;
    v_typ NIERUCHOMOSCI.TYP%TYPE;
    v_nr_budynku NIERUCHOMOSCI.NR_BUDYNKU%TYPE;
    v_pow NIERUCHOMOSCI.POWIERZCHNIA%TYPE;
    v_pietro NIERUCHOMOSCI.PIETRO%TYPE;
    v_pokoje NIERUCHOMOSCI.POKOJE%TYPE;
   BEGIN
    SELECT ILOSC INTO  v_max_count FROM BUDYNKI WHERE ID_BUDYNKU=BUDYNEK_ID;
    SELECT ID_WLASCICIEL INTO v_wlasciciel FROM WLASCICIELE WHERE WLASCICIELE.IMIE = (SELECT PRACOWNICY.IMIE FROM PRACOWNICY WHERE
      PRACOWNICY.ID_STANOWISKA=1) AND WLASCICIELE.NAZWISKO = (SELECT PRACOWNICY.NAZWISKO FROM PRACOWNICY WHERE
      PRACOWNICY.ID_STANOWISKA=1);
    SELECT DISTINCT MIASTO INTO v_miasto FROM BUDYNKI WHERE ID_BUDYNKU = BUDYNEK_ID;
    SELECT DISTINCT ULICA INTO  v_ulica FROM BUDYNKI WHERE ID_BUDYNKU = BUDYNEK_ID;
    SELECT DISTINCT TYPNIERUCHOMOSCI INTO v_typ FROM BUDYNKI WHERE ID_BUDYNKU = BUDYNEK_ID;
    SELECT DISTINCT NR_BUDYNKU INTO v_nr_budynku FROM BUDYNKI WHERE ID_BUDYNKU = BUDYNEK_ID;
    SELECT DISTINCT POWIERZCHNIA INTO v_pow FROM BUDYNKI WHERE ID_BUDYNKU = BUDYNEK_ID;
    SELECT DISTINCT PIETRO INTO v_pietro FROM BUDYNKI WHERE ID_BUDYNKU = BUDYNEK_ID;
    SELECT DISTINCT POKOJE INTO v_pokoje FROM BUDYNKI WHERE ID_BUDYNKU = BUDYNEK_ID;
    LOOP
      INSERT INTO NIERUCHOMOSCI(ID_WLASCICIEL,MIASTO,ULICA,TYP, NR_BUDYNKU,POWIERZCHNIA,PIETRO,POKOJE) VALUES(
       v_wlasciciel,v_miasto,v_ulica,v_typ,v_nr_budynku,v_pow,v_pietro,v_pokoje);
      v_count:=v_count+1;
      EXIT WHEN v_count>v_max_count; 
    END LOOP;
    DELETE FROM NEGOCJACJE WHERE ID_BUDYNKU = BUDYNEK_ID;
   END;

/
--------------------------------------------------------
--  Constraints for Table WARTOSCI_PREFERENCJI
--------------------------------------------------------

  ALTER TABLE "JAMESBONK"."WARTOSCI_PREFERENCJI" ADD CONSTRAINT "KEY17" PRIMARY KEY ("ID_KLIENTA", "ID_PREFERENCJI", "WARTOSC")
  USING INDEX PCTFREE 10 INITRANS 2 MAXTRANS 255 COMPUTE STATISTICS 
  STORAGE(INITIAL 65536 NEXT 1048576 MINEXTENTS 1 MAXEXTENTS 2147483645
  PCTINCREASE 0 FREELISTS 1 FREELIST GROUPS 1 BUFFER_POOL DEFAULT FLASH_CACHE DEFAULT CELL_FLASH_CACHE DEFAULT)
  TABLESPACE "USERS"  ENABLE;
 
  ALTER TABLE "JAMESBONK"."WARTOSCI_PREFERENCJI" MODIFY ("ID_KLIENTA" NOT NULL ENABLE);
 
  ALTER TABLE "JAMESBONK"."WARTOSCI_PREFERENCJI" MODIFY ("ID_PREFERENCJI" NOT NULL ENABLE);
 
  ALTER TABLE "JAMESBONK"."WARTOSCI_PREFERENCJI" MODIFY ("WARTOSC" NOT NULL ENABLE);
--------------------------------------------------------
--  Constraints for Table ARCHITEKCI
--------------------------------------------------------

  ALTER TABLE "JAMESBONK"."ARCHITEKCI" ADD CONSTRAINT "KEY22" PRIMARY KEY ("ID_ARCHITEKTA")
  USING INDEX PCTFREE 10 INITRANS 2 MAXTRANS 255 COMPUTE STATISTICS 
  STORAGE(INITIAL 65536 NEXT 1048576 MINEXTENTS 1 MAXEXTENTS 2147483645
  PCTINCREASE 0 FREELISTS 1 FREELIST GROUPS 1 BUFFER_POOL DEFAULT FLASH_CACHE DEFAULT CELL_FLASH_CACHE DEFAULT)
  TABLESPACE "USERS"  ENABLE;
 
  ALTER TABLE "JAMESBONK"."ARCHITEKCI" MODIFY ("ID_ARCHITEKTA" NOT NULL ENABLE);
 
  ALTER TABLE "JAMESBONK"."ARCHITEKCI" MODIFY ("IMIE" NOT NULL ENABLE);
 
  ALTER TABLE "JAMESBONK"."ARCHITEKCI" MODIFY ("NAZWISKO" NOT NULL ENABLE);
--------------------------------------------------------
--  Constraints for Table DEWELOPERZY
--------------------------------------------------------

  ALTER TABLE "JAMESBONK"."DEWELOPERZY" ADD CONSTRAINT "KEY21" PRIMARY KEY ("ID_DEWELOPERA")
  USING INDEX PCTFREE 10 INITRANS 2 MAXTRANS 255 COMPUTE STATISTICS 
  STORAGE(INITIAL 65536 NEXT 1048576 MINEXTENTS 1 MAXEXTENTS 2147483645
  PCTINCREASE 0 FREELISTS 1 FREELIST GROUPS 1 BUFFER_POOL DEFAULT FLASH_CACHE DEFAULT CELL_FLASH_CACHE DEFAULT)
  TABLESPACE "USERS"  ENABLE;
 
  ALTER TABLE "JAMESBONK"."DEWELOPERZY" MODIFY ("ID_DEWELOPERA" NOT NULL ENABLE);
 
  ALTER TABLE "JAMESBONK"."DEWELOPERZY" MODIFY ("NAZWA" NOT NULL ENABLE);
--------------------------------------------------------
--  Constraints for Table OFERTY
--------------------------------------------------------

  ALTER TABLE "JAMESBONK"."OFERTY" ADD CONSTRAINT "KEY3" PRIMARY KEY ("ID_OFERTY")
  USING INDEX PCTFREE 10 INITRANS 2 MAXTRANS 255 COMPUTE STATISTICS 
  STORAGE(INITIAL 65536 NEXT 1048576 MINEXTENTS 1 MAXEXTENTS 2147483645
  PCTINCREASE 0 FREELISTS 1 FREELIST GROUPS 1 BUFFER_POOL DEFAULT FLASH_CACHE DEFAULT CELL_FLASH_CACHE DEFAULT)
  TABLESPACE "USERS"  ENABLE;
 
  ALTER TABLE "JAMESBONK"."OFERTY" ADD CONSTRAINT "RODZAJ_CH" CHECK (RODZAJ='Wynajem' OR RODZAj='Sprzedaz') ENABLE;
 
  ALTER TABLE "JAMESBONK"."OFERTY" ADD CONSTRAINT "STATUS_CH" CHECK (STATUS='Aktualna' OR STATUS='Zrealizowana') ENABLE;
 
  ALTER TABLE "JAMESBONK"."OFERTY" MODIFY ("ID_NIERUCHOMOSCI" NOT NULL ENABLE);
 
  ALTER TABLE "JAMESBONK"."OFERTY" MODIFY ("ID_PRACOWNIKA" NOT NULL ENABLE);
 
  ALTER TABLE "JAMESBONK"."OFERTY" MODIFY ("CENA" NOT NULL ENABLE);
 
  ALTER TABLE "JAMESBONK"."OFERTY" MODIFY ("RODZAJ" NOT NULL ENABLE);
 
  ALTER TABLE "JAMESBONK"."OFERTY" MODIFY ("ID_OFERTY" NOT NULL ENABLE);
 
  ALTER TABLE "JAMESBONK"."OFERTY" MODIFY ("STATUS" NOT NULL ENABLE);
--------------------------------------------------------
--  Constraints for Table STANOWISKA
--------------------------------------------------------

  ALTER TABLE "JAMESBONK"."STANOWISKA" ADD CONSTRAINT "KEY25" PRIMARY KEY ("ID_STANOWISKA")
  USING INDEX PCTFREE 10 INITRANS 2 MAXTRANS 255 COMPUTE STATISTICS 
  STORAGE(INITIAL 65536 NEXT 1048576 MINEXTENTS 1 MAXEXTENTS 2147483645
  PCTINCREASE 0 FREELISTS 1 FREELIST GROUPS 1 BUFFER_POOL DEFAULT FLASH_CACHE DEFAULT CELL_FLASH_CACHE DEFAULT)
  TABLESPACE "USERS"  ENABLE;
 
  ALTER TABLE "JAMESBONK"."STANOWISKA" ADD CONSTRAINT "STANOWISKA_CH" CHECK (NAZWA='Kierownik' OR NAZWA='Agent nieruchomosci') ENABLE;
 
  ALTER TABLE "JAMESBONK"."STANOWISKA" MODIFY ("ID_STANOWISKA" NOT NULL ENABLE);
 
  ALTER TABLE "JAMESBONK"."STANOWISKA" MODIFY ("NAZWA" NOT NULL ENABLE);
--------------------------------------------------------
--  Constraints for Table KLIENCI
--------------------------------------------------------

  ALTER TABLE "JAMESBONK"."KLIENCI" ADD CONSTRAINT "KEY6" PRIMARY KEY ("ID_KLIENTA")
  USING INDEX PCTFREE 10 INITRANS 2 MAXTRANS 255 COMPUTE STATISTICS 
  STORAGE(INITIAL 65536 NEXT 1048576 MINEXTENTS 1 MAXEXTENTS 2147483645
  PCTINCREASE 0 FREELISTS 1 FREELIST GROUPS 1 BUFFER_POOL DEFAULT FLASH_CACHE DEFAULT CELL_FLASH_CACHE DEFAULT)
  TABLESPACE "USERS"  ENABLE;
 
  ALTER TABLE "JAMESBONK"."KLIENCI" MODIFY ("ID_KLIENTA" NOT NULL ENABLE);
 
  ALTER TABLE "JAMESBONK"."KLIENCI" MODIFY ("IMIE" NOT NULL ENABLE);
 
  ALTER TABLE "JAMESBONK"."KLIENCI" MODIFY ("NAZWISKO" NOT NULL ENABLE);
 
  ALTER TABLE "JAMESBONK"."KLIENCI" MODIFY ("TELEFON" NOT NULL ENABLE);
--------------------------------------------------------
--  Constraints for Table SKLEPY
--------------------------------------------------------

  ALTER TABLE "JAMESBONK"."SKLEPY" ADD CONSTRAINT "KEY10" PRIMARY KEY ("ID_SKLEPU")
  USING INDEX PCTFREE 10 INITRANS 2 MAXTRANS 255 COMPUTE STATISTICS NOCOMPRESS LOGGING
  TABLESPACE "USERS"  ENABLE;
 
  ALTER TABLE "JAMESBONK"."SKLEPY" MODIFY ("ID_OSIEDLA" NOT NULL ENABLE);
 
  ALTER TABLE "JAMESBONK"."SKLEPY" MODIFY ("ID_SKLEPU" NOT NULL ENABLE);
 
  ALTER TABLE "JAMESBONK"."SKLEPY" MODIFY ("TYP" NOT NULL ENABLE);
--------------------------------------------------------
--  Constraints for Table PRACOWNICY
--------------------------------------------------------

  ALTER TABLE "JAMESBONK"."PRACOWNICY" ADD CONSTRAINT "KEY4" PRIMARY KEY ("ID_PRACOWNIKA")
  USING INDEX PCTFREE 10 INITRANS 2 MAXTRANS 255 COMPUTE STATISTICS 
  STORAGE(INITIAL 65536 NEXT 1048576 MINEXTENTS 1 MAXEXTENTS 2147483645
  PCTINCREASE 0 FREELISTS 1 FREELIST GROUPS 1 BUFFER_POOL DEFAULT FLASH_CACHE DEFAULT CELL_FLASH_CACHE DEFAULT)
  TABLESPACE "USERS"  ENABLE;
 
  ALTER TABLE "JAMESBONK"."PRACOWNICY" MODIFY ("ID_PRACOWNIKA" NOT NULL ENABLE);
 
  ALTER TABLE "JAMESBONK"."PRACOWNICY" MODIFY ("IMIE" NOT NULL ENABLE);
 
  ALTER TABLE "JAMESBONK"."PRACOWNICY" MODIFY ("NAZWISKO" NOT NULL ENABLE);
 
  ALTER TABLE "JAMESBONK"."PRACOWNICY" MODIFY ("PESEL" NOT NULL ENABLE);
 
  ALTER TABLE "JAMESBONK"."PRACOWNICY" MODIFY ("ID_STANOWISKA" NOT NULL ENABLE);
--------------------------------------------------------
--  Constraints for Table NEGOCJACJE
--------------------------------------------------------

  ALTER TABLE "JAMESBONK"."NEGOCJACJE" ADD CONSTRAINT "KEY18" PRIMARY KEY ("ID_BUDYNKU", "ID_PRACOWNIKA")
  USING INDEX PCTFREE 10 INITRANS 2 MAXTRANS 255 COMPUTE STATISTICS 
  STORAGE(INITIAL 65536 NEXT 1048576 MINEXTENTS 1 MAXEXTENTS 2147483645
  PCTINCREASE 0 FREELISTS 1 FREELIST GROUPS 1 BUFFER_POOL DEFAULT FLASH_CACHE DEFAULT CELL_FLASH_CACHE DEFAULT)
  TABLESPACE "USERS"  ENABLE;
 
  ALTER TABLE "JAMESBONK"."NEGOCJACJE" MODIFY ("ID_BUDYNKU" NOT NULL ENABLE);
 
  ALTER TABLE "JAMESBONK"."NEGOCJACJE" MODIFY ("STAN" NOT NULL ENABLE);
 
  ALTER TABLE "JAMESBONK"."NEGOCJACJE" MODIFY ("ID_PRACOWNIKA" NOT NULL ENABLE);
--------------------------------------------------------
--  Constraints for Table TRANSAKCJE
--------------------------------------------------------

  ALTER TABLE "JAMESBONK"."TRANSAKCJE" ADD CONSTRAINT "KEY5" PRIMARY KEY ("ID_TRANSAKCJI")
  USING INDEX PCTFREE 10 INITRANS 2 MAXTRANS 255 COMPUTE STATISTICS NOCOMPRESS LOGGING
  TABLESPACE "USERS"  ENABLE;
 
  ALTER TABLE "JAMESBONK"."TRANSAKCJE" MODIFY ("ID_OFERTY" NOT NULL ENABLE);
 
  ALTER TABLE "JAMESBONK"."TRANSAKCJE" MODIFY ("ID_KLIENTA" NOT NULL ENABLE);
 
  ALTER TABLE "JAMESBONK"."TRANSAKCJE" MODIFY ("ID_TRANSAKCJI" NOT NULL ENABLE);
--------------------------------------------------------
--  Constraints for Table NIERUCHOMOSCI
--------------------------------------------------------

  ALTER TABLE "JAMESBONK"."NIERUCHOMOSCI" ADD CONSTRAINT "KEY1" PRIMARY KEY ("ID_NIERUCHOMOSCI")
  USING INDEX PCTFREE 10 INITRANS 2 MAXTRANS 255 COMPUTE STATISTICS 
  STORAGE(INITIAL 65536 NEXT 1048576 MINEXTENTS 1 MAXEXTENTS 2147483645
  PCTINCREASE 0 FREELISTS 1 FREELIST GROUPS 1 BUFFER_POOL DEFAULT FLASH_CACHE DEFAULT CELL_FLASH_CACHE DEFAULT)
  TABLESPACE "USERS"  ENABLE;
 
  ALTER TABLE "JAMESBONK"."NIERUCHOMOSCI" MODIFY ("ID_NIERUCHOMOSCI" NOT NULL ENABLE);
 
  ALTER TABLE "JAMESBONK"."NIERUCHOMOSCI" MODIFY ("ID_WLASCICIEL" NOT NULL ENABLE);
 
  ALTER TABLE "JAMESBONK"."NIERUCHOMOSCI" MODIFY ("MIASTO" NOT NULL ENABLE);
 
  ALTER TABLE "JAMESBONK"."NIERUCHOMOSCI" MODIFY ("ULICA" NOT NULL ENABLE);
 
  ALTER TABLE "JAMESBONK"."NIERUCHOMOSCI" MODIFY ("NR_BUDYNKU" NOT NULL ENABLE);
 
  ALTER TABLE "JAMESBONK"."NIERUCHOMOSCI" MODIFY ("POWIERZCHNIA" NOT NULL ENABLE);
--------------------------------------------------------
--  Constraints for Table POZYCJE_HISTORII_OFERTY
--------------------------------------------------------

  ALTER TABLE "JAMESBONK"."POZYCJE_HISTORII_OFERTY" ADD CONSTRAINT "KEY7" PRIMARY KEY ("ID_POZYCJI")
  USING INDEX PCTFREE 10 INITRANS 2 MAXTRANS 255 COMPUTE STATISTICS NOCOMPRESS LOGGING
  TABLESPACE "USERS"  ENABLE;
 
  ALTER TABLE "JAMESBONK"."POZYCJE_HISTORII_OFERTY" MODIFY ("ID_OFERTY" NOT NULL ENABLE);
 
  ALTER TABLE "JAMESBONK"."POZYCJE_HISTORII_OFERTY" MODIFY ("ID_POZYCJI" NOT NULL ENABLE);
 
  ALTER TABLE "JAMESBONK"."POZYCJE_HISTORII_OFERTY" MODIFY ("ZDARZENIE" NOT NULL ENABLE);
--------------------------------------------------------
--  Constraints for Table PREFERENCJE_KLIENTA
--------------------------------------------------------

  ALTER TABLE "JAMESBONK"."PREFERENCJE_KLIENTA" ADD CONSTRAINT "KEY15" PRIMARY KEY ("ID_KLIENTA", "ID_PREFERENCJI")
  USING INDEX PCTFREE 10 INITRANS 2 MAXTRANS 255 COMPUTE STATISTICS 
  STORAGE(INITIAL 65536 NEXT 1048576 MINEXTENTS 1 MAXEXTENTS 2147483645
  PCTINCREASE 0 FREELISTS 1 FREELIST GROUPS 1 BUFFER_POOL DEFAULT FLASH_CACHE DEFAULT CELL_FLASH_CACHE DEFAULT)
  TABLESPACE "USERS"  ENABLE;
 
  ALTER TABLE "JAMESBONK"."PREFERENCJE_KLIENTA" MODIFY ("ID_KLIENTA" NOT NULL ENABLE);
 
  ALTER TABLE "JAMESBONK"."PREFERENCJE_KLIENTA" MODIFY ("ID_PREFERENCJI" NOT NULL ENABLE);
--------------------------------------------------------
--  Constraints for Table OSIEDLA
--------------------------------------------------------

  ALTER TABLE "JAMESBONK"."OSIEDLA" ADD CONSTRAINT "KEY8" PRIMARY KEY ("ID_OSIEDLA")
  USING INDEX PCTFREE 10 INITRANS 2 MAXTRANS 255 COMPUTE STATISTICS 
  STORAGE(INITIAL 65536 NEXT 1048576 MINEXTENTS 1 MAXEXTENTS 2147483645
  PCTINCREASE 0 FREELISTS 1 FREELIST GROUPS 1 BUFFER_POOL DEFAULT FLASH_CACHE DEFAULT CELL_FLASH_CACHE DEFAULT)
  TABLESPACE "USERS"  ENABLE;
 
  ALTER TABLE "JAMESBONK"."OSIEDLA" MODIFY ("ID_OSIEDLA" NOT NULL ENABLE);
 
  ALTER TABLE "JAMESBONK"."OSIEDLA" MODIFY ("ID_DZIELNICY" NOT NULL ENABLE);
 
  ALTER TABLE "JAMESBONK"."OSIEDLA" MODIFY ("NAZWA" NOT NULL ENABLE);
--------------------------------------------------------
--  Constraints for Table DZIELNICE
--------------------------------------------------------

  ALTER TABLE "JAMESBONK"."DZIELNICE" ADD CONSTRAINT "KEY11" PRIMARY KEY ("ID_DZIELNICY")
  USING INDEX PCTFREE 10 INITRANS 2 MAXTRANS 255 COMPUTE STATISTICS 
  STORAGE(INITIAL 65536 NEXT 1048576 MINEXTENTS 1 MAXEXTENTS 2147483645
  PCTINCREASE 0 FREELISTS 1 FREELIST GROUPS 1 BUFFER_POOL DEFAULT FLASH_CACHE DEFAULT CELL_FLASH_CACHE DEFAULT)
  TABLESPACE "USERS"  ENABLE;
 
  ALTER TABLE "JAMESBONK"."DZIELNICE" MODIFY ("ID_DZIELNICY" NOT NULL ENABLE);
 
  ALTER TABLE "JAMESBONK"."DZIELNICE" MODIFY ("NAZWA" NOT NULL ENABLE);
--------------------------------------------------------
--  Constraints for Table PREFERENCJE
--------------------------------------------------------

  ALTER TABLE "JAMESBONK"."PREFERENCJE" ADD CONSTRAINT "KEY16" PRIMARY KEY ("ID_PREFERENCJI")
  USING INDEX PCTFREE 10 INITRANS 2 MAXTRANS 255 COMPUTE STATISTICS 
  STORAGE(INITIAL 65536 NEXT 1048576 MINEXTENTS 1 MAXEXTENTS 2147483645
  PCTINCREASE 0 FREELISTS 1 FREELIST GROUPS 1 BUFFER_POOL DEFAULT FLASH_CACHE DEFAULT CELL_FLASH_CACHE DEFAULT)
  TABLESPACE "USERS"  ENABLE;
 
  ALTER TABLE "JAMESBONK"."PREFERENCJE" MODIFY ("ID_PREFERENCJI" NOT NULL ENABLE);
 
  ALTER TABLE "JAMESBONK"."PREFERENCJE" MODIFY ("NAZWA" NOT NULL ENABLE);
--------------------------------------------------------
--  Constraints for Table BUDYNKI
--------------------------------------------------------

  ALTER TABLE "JAMESBONK"."BUDYNKI" ADD CONSTRAINT "KEY19" PRIMARY KEY ("ID_BUDYNKU")
  USING INDEX PCTFREE 10 INITRANS 2 MAXTRANS 255 COMPUTE STATISTICS 
  STORAGE(INITIAL 65536 NEXT 1048576 MINEXTENTS 1 MAXEXTENTS 2147483645
  PCTINCREASE 0 FREELISTS 1 FREELIST GROUPS 1 BUFFER_POOL DEFAULT FLASH_CACHE DEFAULT CELL_FLASH_CACHE DEFAULT)
  TABLESPACE "USERS"  ENABLE;
 
  ALTER TABLE "JAMESBONK"."BUDYNKI" MODIFY ("ID_PROJEKTU" NOT NULL ENABLE);
 
  ALTER TABLE "JAMESBONK"."BUDYNKI" MODIFY ("ID_BUDYNKU" NOT NULL ENABLE);
 
  ALTER TABLE "JAMESBONK"."BUDYNKI" MODIFY ("TYPNIERUCHOMOSCI" NOT NULL ENABLE);
 
  ALTER TABLE "JAMESBONK"."BUDYNKI" MODIFY ("NR_BUDYNKU" NOT NULL ENABLE);
 
  ALTER TABLE "JAMESBONK"."BUDYNKI" MODIFY ("ULICA" NOT NULL ENABLE);
 
  ALTER TABLE "JAMESBONK"."BUDYNKI" MODIFY ("MIASTO" NOT NULL ENABLE);
--------------------------------------------------------
--  Constraints for Table WLASCICIELE
--------------------------------------------------------

  ALTER TABLE "JAMESBONK"."WLASCICIELE" ADD CONSTRAINT "KEY2" PRIMARY KEY ("ID_WLASCICIEL")
  USING INDEX PCTFREE 10 INITRANS 2 MAXTRANS 255 COMPUTE STATISTICS 
  STORAGE(INITIAL 65536 NEXT 1048576 MINEXTENTS 1 MAXEXTENTS 2147483645
  PCTINCREASE 0 FREELISTS 1 FREELIST GROUPS 1 BUFFER_POOL DEFAULT FLASH_CACHE DEFAULT CELL_FLASH_CACHE DEFAULT)
  TABLESPACE "USERS"  ENABLE;
 
  ALTER TABLE "JAMESBONK"."WLASCICIELE" MODIFY ("ID_WLASCICIEL" NOT NULL ENABLE);
 
  ALTER TABLE "JAMESBONK"."WLASCICIELE" MODIFY ("IMIE" NOT NULL ENABLE);
 
  ALTER TABLE "JAMESBONK"."WLASCICIELE" MODIFY ("NAZWISKO" NOT NULL ENABLE);
 
  ALTER TABLE "JAMESBONK"."WLASCICIELE" MODIFY ("TELEFON" NOT NULL ENABLE);
--------------------------------------------------------
--  Constraints for Table OBIEKTT_KULTUROWE
--------------------------------------------------------

  ALTER TABLE "JAMESBONK"."OBIEKTT_KULTUROWE" ADD CONSTRAINT "KEY14" PRIMARY KEY ("ID_OBIEKTU")
  USING INDEX PCTFREE 10 INITRANS 2 MAXTRANS 255 COMPUTE STATISTICS NOCOMPRESS LOGGING
  TABLESPACE "USERS"  ENABLE;
 
  ALTER TABLE "JAMESBONK"."OBIEKTT_KULTUROWE" MODIFY ("ID_DZIELNICY" NOT NULL ENABLE);
 
  ALTER TABLE "JAMESBONK"."OBIEKTT_KULTUROWE" MODIFY ("ID_OBIEKTU" NOT NULL ENABLE);
 
  ALTER TABLE "JAMESBONK"."OBIEKTT_KULTUROWE" MODIFY ("RODZAJ" NOT NULL ENABLE);
--------------------------------------------------------
--  Constraints for Table PROJEKTY
--------------------------------------------------------

  ALTER TABLE "JAMESBONK"."PROJEKTY" ADD CONSTRAINT "KEY20" PRIMARY KEY ("ID_PROJEKTU")
  USING INDEX PCTFREE 10 INITRANS 2 MAXTRANS 255 COMPUTE STATISTICS 
  STORAGE(INITIAL 65536 NEXT 1048576 MINEXTENTS 1 MAXEXTENTS 2147483645
  PCTINCREASE 0 FREELISTS 1 FREELIST GROUPS 1 BUFFER_POOL DEFAULT FLASH_CACHE DEFAULT CELL_FLASH_CACHE DEFAULT)
  TABLESPACE "USERS"  ENABLE;
 
  ALTER TABLE "JAMESBONK"."PROJEKTY" MODIFY ("ID_PROJEKTU" NOT NULL ENABLE);
 
  ALTER TABLE "JAMESBONK"."PROJEKTY" MODIFY ("DATAUKONCZENIA" NOT NULL ENABLE);
--------------------------------------------------------
--  Constraints for Table WYNAGRODZENIA
--------------------------------------------------------

  ALTER TABLE "JAMESBONK"."WYNAGRODZENIA" ADD CONSTRAINT "KEY23" PRIMARY KEY ("ID_WYNAGRODZENIA")
  USING INDEX PCTFREE 10 INITRANS 2 MAXTRANS 255 COMPUTE STATISTICS NOCOMPRESS LOGGING
  TABLESPACE "USERS"  ENABLE;
 
  ALTER TABLE "JAMESBONK"."WYNAGRODZENIA" MODIFY ("ID_WYNAGRODZENIA" NOT NULL ENABLE);
 
  ALTER TABLE "JAMESBONK"."WYNAGRODZENIA" MODIFY ("STAWKA_BRUTTO" NOT NULL ENABLE);
 
  ALTER TABLE "JAMESBONK"."WYNAGRODZENIA" MODIFY ("DATA_OD" NOT NULL ENABLE);
 
  ALTER TABLE "JAMESBONK"."WYNAGRODZENIA" MODIFY ("ID_PRACOWNIKA" NOT NULL ENABLE);
--------------------------------------------------------
--  Constraints for Table OSRODKI_SPORTOWE
--------------------------------------------------------

  ALTER TABLE "JAMESBONK"."OSRODKI_SPORTOWE" ADD CONSTRAINT "KEY13" PRIMARY KEY ("ID_OBIEKTU")
  USING INDEX PCTFREE 10 INITRANS 2 MAXTRANS 255 COMPUTE STATISTICS NOCOMPRESS LOGGING
  TABLESPACE "USERS"  ENABLE;
 
  ALTER TABLE "JAMESBONK"."OSRODKI_SPORTOWE" MODIFY ("ID_DZIELNICY" NOT NULL ENABLE);
 
  ALTER TABLE "JAMESBONK"."OSRODKI_SPORTOWE" MODIFY ("ID_OBIEKTU" NOT NULL ENABLE);
 
  ALTER TABLE "JAMESBONK"."OSRODKI_SPORTOWE" MODIFY ("TYP" NOT NULL ENABLE);
--------------------------------------------------------
--  Constraints for Table KOMUNIKACJA
--------------------------------------------------------

  ALTER TABLE "JAMESBONK"."KOMUNIKACJA" ADD CONSTRAINT "KEY9" PRIMARY KEY ("ID_KOMUNIKACJI")
  USING INDEX PCTFREE 10 INITRANS 2 MAXTRANS 255 COMPUTE STATISTICS NOCOMPRESS LOGGING
  TABLESPACE "USERS"  ENABLE;
 
  ALTER TABLE "JAMESBONK"."KOMUNIKACJA" MODIFY ("ID_OSIEDLA" NOT NULL ENABLE);
 
  ALTER TABLE "JAMESBONK"."KOMUNIKACJA" MODIFY ("ID_KOMUNIKACJI" NOT NULL ENABLE);
 
  ALTER TABLE "JAMESBONK"."KOMUNIKACJA" MODIFY ("RODZAJ" NOT NULL ENABLE);
--------------------------------------------------------
--  Constraints for Table SZKOLY
--------------------------------------------------------

  ALTER TABLE "JAMESBONK"."SZKOLY" ADD CONSTRAINT "KEY12" PRIMARY KEY ("ID_SZKOLY")
  USING INDEX PCTFREE 10 INITRANS 2 MAXTRANS 255 COMPUTE STATISTICS NOCOMPRESS LOGGING
  TABLESPACE "USERS"  ENABLE;
 
  ALTER TABLE "JAMESBONK"."SZKOLY" MODIFY ("ID_SZKOLY" NOT NULL ENABLE);
 
  ALTER TABLE "JAMESBONK"."SZKOLY" MODIFY ("STOPIEN" NOT NULL ENABLE);
--------------------------------------------------------
--  Constraints for Table PREFEROWANE_OFERTY
--------------------------------------------------------

  ALTER TABLE "JAMESBONK"."PREFEROWANE_OFERTY" ADD CONSTRAINT "KEY24" PRIMARY KEY ("ID_KLIENTA", "ID_OFERTY")
  USING INDEX PCTFREE 10 INITRANS 2 MAXTRANS 255 COMPUTE STATISTICS 
  STORAGE(INITIAL 65536 NEXT 1048576 MINEXTENTS 1 MAXEXTENTS 2147483645
  PCTINCREASE 0 FREELISTS 1 FREELIST GROUPS 1 BUFFER_POOL DEFAULT FLASH_CACHE DEFAULT CELL_FLASH_CACHE DEFAULT)
  TABLESPACE "USERS"  ENABLE;
 
  ALTER TABLE "JAMESBONK"."PREFEROWANE_OFERTY" MODIFY ("ID_KLIENTA" NOT NULL ENABLE);
 
  ALTER TABLE "JAMESBONK"."PREFEROWANE_OFERTY" MODIFY ("ID_OFERTY" NOT NULL ENABLE);
--------------------------------------------------------
--  Ref Constraints for Table BUDYNKI
--------------------------------------------------------

  ALTER TABLE "JAMESBONK"."BUDYNKI" ADD CONSTRAINT "UWZGLEDNIA" FOREIGN KEY ("ID_PROJEKTU")
	  REFERENCES "JAMESBONK"."PROJEKTY" ("ID_PROJEKTU") ENABLE;
--------------------------------------------------------
--  Ref Constraints for Table KOMUNIKACJA
--------------------------------------------------------

  ALTER TABLE "JAMESBONK"."KOMUNIKACJA" ADD CONSTRAINT "RELATIONSHIP9" FOREIGN KEY ("ID_OSIEDLA")
	  REFERENCES "JAMESBONK"."OSIEDLA" ("ID_OSIEDLA") ENABLE;
--------------------------------------------------------
--  Ref Constraints for Table NEGOCJACJE
--------------------------------------------------------

  ALTER TABLE "JAMESBONK"."NEGOCJACJE" ADD CONSTRAINT "NEGOCJACJE_FK1" FOREIGN KEY ("ID_PRACOWNIKA")
	  REFERENCES "JAMESBONK"."PRACOWNICY" ("ID_PRACOWNIKA") ENABLE;
 
  ALTER TABLE "JAMESBONK"."NEGOCJACJE" ADD CONSTRAINT "RELATIONSHIP20" FOREIGN KEY ("ID_BUDYNKU")
	  REFERENCES "JAMESBONK"."BUDYNKI" ("ID_BUDYNKU") ENABLE;
--------------------------------------------------------
--  Ref Constraints for Table NIERUCHOMOSCI
--------------------------------------------------------

  ALTER TABLE "JAMESBONK"."NIERUCHOMOSCI" ADD CONSTRAINT "POSIADA" FOREIGN KEY ("ID_WLASCICIEL")
	  REFERENCES "JAMESBONK"."WLASCICIELE" ("ID_WLASCICIEL") ENABLE;
 
  ALTER TABLE "JAMESBONK"."NIERUCHOMOSCI" ADD CONSTRAINT "RELATIONSHIP8" FOREIGN KEY ("ID_OSIEDLA")
	  REFERENCES "JAMESBONK"."OSIEDLA" ("ID_OSIEDLA") ENABLE;
--------------------------------------------------------
--  Ref Constraints for Table OBIEKTT_KULTUROWE
--------------------------------------------------------

  ALTER TABLE "JAMESBONK"."OBIEKTT_KULTUROWE" ADD CONSTRAINT "RELATIONSHIP14" FOREIGN KEY ("ID_DZIELNICY")
	  REFERENCES "JAMESBONK"."DZIELNICE" ("ID_DZIELNICY") ENABLE;
--------------------------------------------------------
--  Ref Constraints for Table OFERTY
--------------------------------------------------------

  ALTER TABLE "JAMESBONK"."OFERTY" ADD CONSTRAINT "NADZORUJE" FOREIGN KEY ("ID_PRACOWNIKA")
	  REFERENCES "JAMESBONK"."PRACOWNICY" ("ID_PRACOWNIKA") ENABLE;
 
  ALTER TABLE "JAMESBONK"."OFERTY" ADD CONSTRAINT "ZAWIERA" FOREIGN KEY ("ID_NIERUCHOMOSCI")
	  REFERENCES "JAMESBONK"."NIERUCHOMOSCI" ("ID_NIERUCHOMOSCI") ENABLE;
--------------------------------------------------------
--  Ref Constraints for Table OSIEDLA
--------------------------------------------------------

  ALTER TABLE "JAMESBONK"."OSIEDLA" ADD CONSTRAINT "RELATIONSHIP11" FOREIGN KEY ("ID_DZIELNICY")
	  REFERENCES "JAMESBONK"."DZIELNICE" ("ID_DZIELNICY") ENABLE;
--------------------------------------------------------
--  Ref Constraints for Table OSRODKI_SPORTOWE
--------------------------------------------------------

  ALTER TABLE "JAMESBONK"."OSRODKI_SPORTOWE" ADD CONSTRAINT "RELATIONSHIP13" FOREIGN KEY ("ID_DZIELNICY")
	  REFERENCES "JAMESBONK"."DZIELNICE" ("ID_DZIELNICY") ENABLE;
--------------------------------------------------------
--  Ref Constraints for Table POZYCJE_HISTORII_OFERTY
--------------------------------------------------------

  ALTER TABLE "JAMESBONK"."POZYCJE_HISTORII_OFERTY" ADD CONSTRAINT "MA" FOREIGN KEY ("ID_OFERTY")
	  REFERENCES "JAMESBONK"."OFERTY" ("ID_OFERTY") ENABLE;
--------------------------------------------------------
--  Ref Constraints for Table PRACOWNICY
--------------------------------------------------------

  ALTER TABLE "JAMESBONK"."PRACOWNICY" ADD CONSTRAINT "RELATIONSHIP29" FOREIGN KEY ("ID_STANOWISKA")
	  REFERENCES "JAMESBONK"."STANOWISKA" ("ID_STANOWISKA") ENABLE;
--------------------------------------------------------
--  Ref Constraints for Table PREFERENCJE_KLIENTA
--------------------------------------------------------

  ALTER TABLE "JAMESBONK"."PREFERENCJE_KLIENTA" ADD CONSTRAINT "RELATIONSHIP15" FOREIGN KEY ("ID_KLIENTA")
	  REFERENCES "JAMESBONK"."KLIENCI" ("ID_KLIENTA") ENABLE;
 
  ALTER TABLE "JAMESBONK"."PREFERENCJE_KLIENTA" ADD CONSTRAINT "RELATIONSHIP16" FOREIGN KEY ("ID_PREFERENCJI")
	  REFERENCES "JAMESBONK"."PREFERENCJE" ("ID_PREFERENCJI") ENABLE;
--------------------------------------------------------
--  Ref Constraints for Table PREFEROWANE_OFERTY
--------------------------------------------------------

  ALTER TABLE "JAMESBONK"."PREFEROWANE_OFERTY" ADD CONSTRAINT "RELATIONSHIP27" FOREIGN KEY ("ID_KLIENTA")
	  REFERENCES "JAMESBONK"."KLIENCI" ("ID_KLIENTA") ENABLE;
 
  ALTER TABLE "JAMESBONK"."PREFEROWANE_OFERTY" ADD CONSTRAINT "RELATIONSHIP28" FOREIGN KEY ("ID_OFERTY")
	  REFERENCES "JAMESBONK"."OFERTY" ("ID_OFERTY") ENABLE;
--------------------------------------------------------
--  Ref Constraints for Table PROJEKTY
--------------------------------------------------------

  ALTER TABLE "JAMESBONK"."PROJEKTY" ADD CONSTRAINT "KIERUJE" FOREIGN KEY ("ID_ARCHITEKTA")
	  REFERENCES "JAMESBONK"."ARCHITEKCI" ("ID_ARCHITEKTA") ENABLE;
 
  ALTER TABLE "JAMESBONK"."PROJEKTY" ADD CONSTRAINT "PROWADZI" FOREIGN KEY ("ID_DEWELOPERA")
	  REFERENCES "JAMESBONK"."DEWELOPERZY" ("ID_DEWELOPERA") ENABLE;
 
  ALTER TABLE "JAMESBONK"."PROJEKTY" ADD CONSTRAINT "REALIZUJESIE" FOREIGN KEY ("ID_OSIEDLA")
	  REFERENCES "JAMESBONK"."OSIEDLA" ("ID_OSIEDLA") ENABLE;
--------------------------------------------------------
--  Ref Constraints for Table SKLEPY
--------------------------------------------------------

  ALTER TABLE "JAMESBONK"."SKLEPY" ADD CONSTRAINT "RELATIONSHIP10" FOREIGN KEY ("ID_OSIEDLA")
	  REFERENCES "JAMESBONK"."OSIEDLA" ("ID_OSIEDLA") ENABLE;
--------------------------------------------------------
--  Ref Constraints for Table SZKOLY
--------------------------------------------------------

  ALTER TABLE "JAMESBONK"."SZKOLY" ADD CONSTRAINT "RELATIONSHIP12" FOREIGN KEY ("ID_DZIELNICY")
	  REFERENCES "JAMESBONK"."DZIELNICE" ("ID_DZIELNICY") ENABLE;
--------------------------------------------------------
--  Ref Constraints for Table TRANSAKCJE
--------------------------------------------------------

  ALTER TABLE "JAMESBONK"."TRANSAKCJE" ADD CONSTRAINT "RELATIONSHIP4" FOREIGN KEY ("ID_OFERTY")
	  REFERENCES "JAMESBONK"."OFERTY" ("ID_OFERTY") ENABLE;
 
  ALTER TABLE "JAMESBONK"."TRANSAKCJE" ADD CONSTRAINT "RELATIONSHIP6" FOREIGN KEY ("ID_KLIENTA")
	  REFERENCES "JAMESBONK"."KLIENCI" ("ID_KLIENTA") ENABLE;
--------------------------------------------------------
--  Ref Constraints for Table WARTOSCI_PREFERENCJI
--------------------------------------------------------

  ALTER TABLE "JAMESBONK"."WARTOSCI_PREFERENCJI" ADD CONSTRAINT "RELATIONSHIP17" FOREIGN KEY ("ID_KLIENTA")
	  REFERENCES "JAMESBONK"."KLIENCI" ("ID_KLIENTA") ENABLE;
 
  ALTER TABLE "JAMESBONK"."WARTOSCI_PREFERENCJI" ADD CONSTRAINT "RELATIONSHIP18" FOREIGN KEY ("ID_PREFERENCJI")
	  REFERENCES "JAMESBONK"."PREFERENCJE" ("ID_PREFERENCJI") ENABLE;
--------------------------------------------------------
--  Ref Constraints for Table WYNAGRODZENIA
--------------------------------------------------------

  ALTER TABLE "JAMESBONK"."WYNAGRODZENIA" ADD CONSTRAINT "RELATIONSHIP30" FOREIGN KEY ("ID_PRACOWNIKA")
	  REFERENCES "JAMESBONK"."PRACOWNICY" ("ID_PRACOWNIKA") ENABLE;
